t,h,r,e,e
l,o,n,g
0,1,2,31
0,1,2,32
0,1,2,35
0,1,2,36
0,1,3,29
0,1,3,30
0,1,3,33
0,1,34,3
0,1,27,4
0,1,4,28
0,1,4,31
0,1,32,4
0,1,5,25
0,1,26,5
0,1,29,5
0,1,5,30
0,1,6,23
0,1,6,24
0,1,27,6
0,1,28,6
0,1,21,7
0,1,22,7
0,1,25,7
0,1,26,7
0,1,19,8
0,1,20,8
0,1,8,23
0,1,8,24
0,1,9,17
0,1,18,9
0,1,21,9
0,1,9,22
0,1,10,15
0,1,10,16
0,1,10,19
0,1,10,20
0,1,11,13
0,1,11,14
0,1,11,17
0,1,18,11
0,1,12,15
0,1,12,16
0,27,2,3
0,2,3,28
0,35,2,3
0,2,3,36
0,25,2,4
0,2,26,4
0,33,2,4
0,2,4,34
0,2,5,23
0,24,2,5
0,2,5,31
0,2,32,5
0,2,21,6
0,2,6,22
0,2,29,6
0,2,6,30
0,2,19,7
0,2,20,7
0,2,27,7
0,2,28,7
0,8,2,17
0,8,2,18
0,8,2,25
0,8,2,26
0,9,2,15
0,9,2,16
0,9,2,23
0,9,2,24
0,2,10,13
0,2,10,14
0,2,10,21
0,2,10,22
0,19,2,11
0,2,11,20
0,17,2,12
0,2,18,12
0,2,13,14
0,3,4,23
0,24,3,4
0,35,3,4
0,3,4,36
0,21,3,5
0,3,5,22
0,33,3,5
0,34,3,5
0,19,3,6
0,3,20,6
0,3,6,31
0,32,3,6
0,17,3,7
0,18,3,7
0,3,29,7
0,3,30,7
0,8,3,15
0,8,3,16
0,8,3,27
0,8,3,28
0,9,3,13
0,9,3,14
0,9,3,25
0,9,26,3
0,10,3,23
0,24,10,3
0,11,3,12
0,11,3,21
0,11,3,22
0,19,3,12
0,3,12,20
0,3,13,15
0,16,3,13
0,3,14,15
0,16,3,14
0,19,4,5
0,20,4,5
0,35,4,5
0,4,5,36
0,17,4,6
0,18,4,6
0,33,4,6
0,34,4,6
0,4,15,7
0,16,4,7
0,4,31,7
0,32,4,7
0,8,4,13
0,8,4,14
0,8,4,29
0,8,4,30
0,9,27,4
0,9,4,28
0,10,4,12
0,25,10,4
0,10,26,4
0,11,4,23
0,24,11,4
0,21,4,12
0,4,12,22
0,17,4,13
0,18,4,13
0,17,4,14
0,18,4,14
0,16,4,15
0,5,6,15
0,16,5,6
0,35,5,6
0,36,5,6
0,13,5,7
0,5,14,7
0,33,5,7
0,34,5,7
0,8,5,31
0,8,32,5
0,9,12,5
0,9,29,5
0,9,5,30
0,10,11,5
0,10,27,5
0,10,28,5
0,25,11,5
0,26,11,5
0,12,5,23
0,24,12,5
0,13,19,5
0,13,20,5
0,19,5,14
0,20,5,14
0,17,5,15
0,18,5,15
0,16,5,17
0,16,18,5
0,35,6,7
0,36,6,7
0,8,12,6
0,8,6,33
0,8,34,6
0,9,11,6
0,9,6,31
0,9,32,6
0,10,29,6
0,10,6,30
0,27,11,6
0,11,28,6
0,25,12,6
0,26,12,6
0,21,13,6
0,13,6,22
0,21,6,14
0,22,6,14
0,19,6,15
0,20,6,15
0,16,19,6
0,16,20,6
0,17,18,6
0,8,11,7
0,8,35,7
0,8,36,7
0,9,10,7
0,9,33,7
0,9,34,7
0,10,31,7
0,10,32,7
0,11,29,7
0,11,30,7
0,27,12,7
0,12,28,7
0,23,13,7
0,24,13,7
0,23,14,7
0,24,14,7
0,15,21,7
0,15,22,7
0,16,21,7
0,16,22,7
0,17,19,7
0,17,20,7
0,18,19,7
0,18,20,7
0,8,35,9
0,8,36,9
0,8,10,33
0,8,10,34
0,8,11,31
0,8,32,11
0,8,12,29
0,8,12,30
0,8,13,25
0,8,26,13
0,8,14,25
0,8,26,14
0,8,23,15
0,8,24,15
0,8,16,23
0,8,16,24
0,8,21,17
0,8,17,22
0,8,18,21
0,8,18,22
0,8,19,20
0,9,10,35
0,9,10,36
0,9,11,33
0,9,34,11
0,9,12,31
0,9,32,12
0,9,27,13
0,9,28,13
0,9,27,14
0,9,28,14
0,9,25,15
0,9,26,15
0,9,16,25
0,9,26,16
0,9,17,23
0,9,17,24
0,9,18,23
0,9,18,24
0,9,19,21
0,9,19,22
0,9,20,21
0,9,20,22
0,35,10,11
0,10,11,36
0,33,10,12
0,10,12,34
0,10,29,13
0,10,13,30
0,10,29,14
0,10,14,30
0,10,27,15
0,10,28,15
0,16,10,27
0,16,10,28
0,17,10,25
0,17,10,26
0,25,10,18
0,26,10,18
0,10,19,23
0,24,10,19
0,10,20,23
0,24,10,20
0,10,21,22
0,35,11,12
0,11,12,36
0,11,13,31
0,32,11,13
0,11,14,31
0,32,11,14
0,11,29,15
0,11,30,15
0,16,11,29
0,16,11,30
0,17,11,27
0,17,11,28
0,27,18,11
0,18,11,28
0,19,11,25
0,19,26,11
0,25,11,20
0,26,11,20
0,11,21,23
0,24,11,21
0,11,22,23
0,24,11,22
0,33,12,13
0,34,12,13
0,33,12,14
0,34,12,14
0,12,31,15
0,32,12,15
0,16,12,31
0,16,32,12
0,17,12,29
0,17,12,30
0,18,12,29
0,18,12,30
0,27,19,12
0,19,12,28
0,27,12,20
0,28,12,20
0,25,12,21
0,26,12,21
0,25,12,22
0,26,12,22
0,24,12,23
0,37,13,14
0,38,13,14
0,35,13,15
0,36,13,15
0,16,35,13
0,16,36,13
0,17,13,33
0,17,34,13
0,33,18,13
0,18,34,13
0,19,13,31
0,32,19,13
0,20,13,31
0,32,20,13
0,21,29,13
0,21,13,30
0,29,13,22
0,13,22,30
0,27,13,23
0,28,13,23
0,24,27,13
0,24,28,13
0,25,26,13
0,35,14,15
0,36,14,15
0,16,35,14
0,16,36,14
0,17,14,33
0,17,34,14
0,33,18,14
0,18,34,14
0,19,14,31
0,32,19,14
0,20,14,31
0,32,20,14
0,29,21,14
0,21,14,30
0,29,14,22
0,30,14,22
0,27,14,23
0,28,14,23
0,24,27,14
0,24,28,14
0,25,26,14
0,16,37,15
0,16,38,15
0,17,35,15
0,17,36,15
0,18,35,15
0,18,36,15
0,33,19,15
0,34,19,15
0,33,20,15
0,34,20,15
0,31,21,15
0,32,21,15
0,31,22,15
0,32,22,15
0,23,29,15
0,23,30,15
0,24,29,15
0,24,30,15
0,25,27,15
0,25,28,15
0,26,27,15
0,26,28,15
0,16,35,17
0,16,36,17
0,16,18,35
0,16,18,36
0,16,19,33
0,16,34,19
0,16,20,33
0,16,34,20
0,16,21,31
0,16,32,21
0,16,22,31
0,16,32,22
0,16,29,23
0,16,30,23
0,16,29,24
0,16,24,30
0,16,27,25
0,16,28,25
0,16,26,27
0,16,26,28
0,17,18,37
0,17,18,38
0,17,19,35
0,17,19,36
0,17,35,20
0,17,20,36
0,17,21,33
0,17,34,21
0,17,22,33
0,17,34,22
0,17,31,23
0,17,32,23
0,17,24,31
0,17,32,24
0,17,29,25
0,17,25,30
0,17,26,29
0,17,26,30
0,17,27,28
0,35,18,19
0,18,19,36
0,18,35,20
0,18,20,36
0,33,18,21
0,18,34,21
0,33,18,22
0,18,34,22
0,18,31,23
0,18,32,23
0,24,18,31
0,24,18,32
0,25,18,29
0,25,18,30
0,18,26,29
0,18,26,30
0,18,27,28
0,19,20,37
0,19,20,38
0,35,19,21
0,19,36,21
0,35,19,22
0,19,36,22
0,33,19,23
0,34,19,23
0,24,19,33
0,24,34,19
0,25,19,31
0,25,32,19
0,26,19,31
0,32,26,19
0,27,19,29
0,27,19,30
0,19,28,29
0,19,28,30
0,35,20,21
0,20,21,36
0,35,20,22
0,20,22,36
0,33,20,23
0,34,20,23
0,24,20,33
0,24,34,20
0,25,20,31
0,25,32,20
0,26,20,31
0,26,32,20
0,27,20,29
0,27,20,30
0,29,20,28
0,20,28,30
0,37,21,22
0,38,21,22
0,35,21,23
0,36,21,23
0,24,35,21
0,24,36,21
0,25,21,33
0,25,34,21
0,33,26,21
0,26,34,21
0,27,21,31
0,32,27,21
0,28,21,31
0,32,28,21
0,29,21,30
0,35,22,23
0,36,22,23
0,24,35,22
0,24,36,22
0,25,22,33
0,25,34,22
0,33,26,22
0,26,34,22
0,27,22,31
0,32,27,22
0,28,22,31
0,32,28,22
0,29,22,30
0,24,37,23
0,24,38,23
0,25,35,23
0,25,36,23
0,26,35,23
0,26,36,23
0,33,27,23
0,34,27,23
0,33,28,23
0,34,28,23
0,31,29,23
0,32,29,23
0,31,30,23
0,32,30,23
0,24,35,25
0,24,36,25
0,24,26,35
0,24,26,36
0,24,27,33
0,24,34,27
0,24,28,33
0,24,34,28
0,24,29,31
0,24,32,29
0,24,30,31
0,24,32,30
0,25,26,37
0,25,26,38
0,25,27,35
0,25,27,36
0,25,35,28
0,25,28,36
0,25,29,33
0,25,34,29
0,25,30,33
0,25,34,30
0,25,32,31
0,35,26,27
0,26,27,36
0,26,35,28
0,26,28,36
0,33,26,29
0,26,34,29
0,33,26,30
0,26,34,30
0,26,32,31
0,27,28,37
0,27,28,38
0,35,27,29
0,27,36,29
0,35,27,30
0,27,36,30
0,33,27,31
0,34,27,31
0,33,32,27
0,32,27,34
0,35,28,29
0,28,29,36
0,35,28,30
0,28,30,36
0,33,28,31
0,34,28,31
0,33,32,28
0,32,28,34
0,37,29,30
0,38,29,30
0,35,29,31
0,36,29,31
0,32,35,29
0,32,36,29
0,33,34,29
0,35,30,31
0,36,30,31
0,32,35,30
0,32,36,30
0,33,34,30
0,32,37,31
0,32,38,31
0,33,35,31
0,33,36,31
0,34,35,31
0,34,36,31
0,33,32,35
0,33,32,36
0,32,35,34
0,32,34,36
0,33,34,37
0,33,34,38
0,33,35,36
0,34,35,36
0,35,36,37
0,35,36,38
1,2,3,29
1,2,3,30
1,2,3,33
1,2,3,34
1,2,3,37
1,2,3,38
1,2,27,4
1,2,4,28
1,2,4,31
32,1,2,4
1,2,5,25
1,2,26,5
1,2,29,5
1,2,5,30
1,2,6,23
24,1,2,6
1,2,27,6
1,2,28,6
1,2,21,7
1,2,22,7
1,2,25,7
1,2,26,7
8,1,2,19
8,1,2,20
8,1,2,23
8,1,2,24
1,2,9,17
1,2,18,9
1,2,21,9
1,2,9,22
1,2,10,15
16,1,2,10
19,1,2,10
1,2,10,20
1,2,11,13
1,2,11,14
1,2,11,17
18,1,2,11
1,2,12,15
16,1,2,12
1,3,4,25
1,26,3,4
1,3,4,33
1,34,3,4
1,3,4,37
1,3,4,38
1,3,5,23
24,1,3,5
1,3,5,31
32,1,3,5
1,3,21,6
1,3,6,22
1,3,29,6
1,3,6,30
19,1,3,7
1,3,20,7
27,1,3,7
1,3,28,7
8,1,3,17
8,1,18,3
8,1,3,25
8,1,26,3
1,3,9,15
16,1,3,9
1,3,9,23
24,1,3,9
1,10,3,13
1,10,3,14
1,10,3,21
1,10,3,22
11,1,3,19
11,1,3,20
1,3,12,17
1,18,3,12
1,3,13,14
1,21,4,5
1,4,5,22
1,4,5,33
1,34,4,5
1,37,4,5
1,4,5,38
1,19,4,6
1,4,20,6
1,4,6,31
32,1,4,6
1,4,17,7
1,18,4,7
1,4,29,7
1,4,30,7
8,1,4,15
8,1,4,16
8,1,27,4
8,1,4,28
1,4,13,9
1,4,9,14
1,4,9,25
1,26,4,9
1,10,4,23
24,1,10,4
1,11,4,12
1,11,4,21
1,11,4,22
1,19,4,12
1,20,4,12
1,4,13,15
16,1,4,13
1,4,14,15
16,1,4,14
1,5,6,17
1,18,5,6
1,5,6,33
1,34,5,6
1,37,5,6
38,1,5,6
1,15,5,7
16,1,5,7
1,31,5,7
32,1,5,7
8,1,13,5
8,1,5,14
8,1,29,5
8,1,5,30
1,27,5,9
1,28,5,9
1,10,12,5
1,10,5,25
1,10,26,5
1,11,5,23
24,1,11,5
1,21,12,5
1,12,5,22
1,13,5,17
1,13,18,5
1,5,14,17
1,18,5,14
16,1,5,15
1,13,6,7
1,14,6,7
1,33,6,7
1,34,6,7
1,37,6,7
38,1,6,7
8,1,6,31
8,1,32,6
1,12,6,9
1,29,6,9
1,30,6,9
1,10,11,6
1,10,27,6
1,10,28,6
1,11,6,25
1,26,11,6
1,12,6,23
24,1,12,6
1,19,13,6
1,20,13,6
1,19,6,14
1,20,6,14
1,17,6,15
1,18,6,15
16,1,6,17
16,1,18,6
8,1,12,7
8,1,33,7
8,1,34,7
8,1,37,7
8,1,38,7
1,11,9,7
1,31,9,7
32,1,9,7
1,10,29,7
1,10,30,7
27,1,11,7
1,11,28,7
1,12,25,7
1,26,12,7
1,21,13,7
1,13,22,7
1,21,14,7
1,22,14,7
1,19,15,7
1,15,20,7
16,1,19,7
16,1,20,7
1,18,17,7
8,1,10,9
8,1,9,33
8,1,34,9
8,1,37,9
8,1,9,38
8,1,10,31
8,1,10,32
8,1,11,29
8,1,11,30
8,1,27,12
8,1,12,28
8,1,13,23
8,1,13,24
8,1,14,23
8,1,14,24
8,1,21,15
8,1,22,15
8,1,21,16
8,1,16,22
8,1,19,17
8,1,20,17
8,1,18,19
8,1,18,20
1,10,9,33
1,10,34,9
1,10,37,9
38,1,10,9
1,11,9,31
32,1,11,9
1,12,29,9
1,12,9,30
1,13,9,25
1,26,13,9
1,25,9,14
1,26,9,14
1,23,9,15
24,1,9,15
16,1,9,23
16,1,9,24
1,21,9,17
1,22,9,17
1,18,21,9
1,18,9,22
1,19,20,9
1,10,11,33
1,10,11,34
1,10,11,37
1,10,11,38
1,10,12,31
32,1,10,12
1,10,27,13
1,10,28,13
1,10,27,14
1,10,28,14
1,10,25,15
1,10,26,15
16,1,10,25
16,1,10,26
1,10,17,23
24,1,10,17
1,10,18,23
24,1,10,18
1,10,19,21
1,10,19,22
1,10,20,21
1,10,20,22
1,11,12,33
1,34,11,12
1,11,12,37
1,11,12,38
1,29,11,13
1,11,13,30
1,11,29,14
1,11,14,30
27,1,11,15
1,11,28,15
16,1,11,27
16,1,11,28
1,11,17,25
1,26,11,17
1,18,11,25
26,1,18,11
19,1,11,23
19,1,11,24
1,11,20,23
24,1,11,20
1,11,21,22
1,12,13,31
32,1,12,13
1,12,14,31
32,1,12,14
1,12,29,15
1,12,30,15
16,1,12,29
16,1,12,30
1,27,12,17
1,12,28,17
1,18,27,12
1,18,12,28
1,19,12,25
1,26,19,12
1,12,20,25
1,26,12,20
1,12,21,23
24,1,12,21
1,12,22,23
24,1,12,22
1,35,13,14
1,36,13,14
1,33,13,15
1,34,13,15
1,37,13,15
1,13,38,15
16,1,13,33
16,1,34,13
16,1,37,13
16,1,13,38
1,13,17,31
32,1,13,17
1,18,13,31
32,1,18,13
1,29,19,13
1,19,13,30
1,29,20,13
1,20,13,30
1,21,27,13
1,21,28,13
1,27,13,22
1,28,13,22
1,13,25,23
1,26,13,23
24,1,13,25
24,1,26,13
1,33,14,15
1,34,14,15
1,37,14,15
38,1,14,15
16,1,14,33
16,1,34,14
16,1,37,14
16,1,14,38
1,31,14,17
32,1,14,17
1,18,14,31
32,1,18,14
1,19,29,14
1,19,14,30
1,20,29,14
1,20,14,30
1,27,21,14
1,28,21,14
1,27,14,22
1,28,14,22
1,25,14,23
1,26,14,23
24,1,14,25
24,1,26,14
16,1,35,15
16,1,36,15
1,33,17,15
1,34,17,15
1,37,17,15
38,1,17,15
1,18,33,15
1,18,34,15
1,18,37,15
1,18,38,15
1,19,31,15
32,1,19,15
1,20,31,15
32,1,20,15
1,29,21,15
1,21,30,15
1,29,22,15
1,30,22,15
1,27,23,15
1,23,28,15
24,1,27,15
24,1,28,15
1,26,25,15
16,1,17,33
16,1,34,17
16,1,37,17
16,1,17,38
16,1,18,33
16,1,18,34
16,1,18,37
16,1,18,38
16,1,19,31
16,1,32,19
16,1,20,31
16,1,32,20
16,1,29,21
16,1,21,30
16,1,29,22
16,1,22,30
16,1,27,23
16,1,28,23
16,1,27,24
16,1,28,24
16,1,26,25
1,18,35,17
1,18,36,17
1,19,17,33
1,34,19,17
1,19,37,17
38,1,19,17
1,20,17,33
1,34,20,17
1,20,37,17
38,1,20,17
1,21,17,31
32,1,21,17
1,31,17,22
32,1,17,22
1,29,17,23
1,30,17,23
24,1,29,17
24,1,17,30
1,27,17,25
1,28,17,25
1,26,27,17
1,26,28,17
1,18,19,33
1,18,19,34
1,18,19,37
1,18,19,38
1,18,20,33
1,18,20,34
1,18,20,37
1,18,20,38
1,18,21,31
32,1,18,21
1,18,22,31
32,1,18,22
1,18,29,23
1,18,30,23
24,1,18,29
24,1,18,30
1,18,27,25
1,18,28,25
27,1,18,26
1,18,26,28
1,19,20,35
1,19,20,36
1,19,21,33
1,34,19,21
37,1,19,21
1,19,21,38
1,19,22,33
1,34,19,22
1,19,37,22
38,1,19,22
1,19,31,23
32,1,19,23
24,1,19,31
24,1,32,19
1,19,29,25
1,19,25,30
1,26,19,29
1,26,19,30
27,1,19,28
1,20,21,33
1,34,20,21
1,37,20,21
1,20,21,38
1,20,22,33
1,34,20,22
1,20,37,22
38,1,20,22
1,20,31,23
32,1,20,23
24,1,20,31
24,1,32,20
1,20,29,25
1,20,25,30
1,26,20,29
1,26,20,30
1,27,20,28
1,35,21,22
1,36,21,22
1,33,21,23
1,34,21,23
1,37,21,23
1,21,38,23
24,1,21,33
24,1,34,21
24,1,37,21
24,1,21,38
1,21,25,31
32,1,21,25
1,26,21,31
32,1,26,21
1,29,27,21
1,27,21,30
1,29,28,21
1,28,21,30
1,33,22,23
1,34,22,23
1,37,22,23
38,1,22,23
24,1,22,33
24,1,34,22
24,1,37,22
24,1,22,38
1,31,22,25
32,1,22,25
1,26,22,31
32,1,26,22
1,27,29,22
1,27,22,30
1,28,29,22
1,28,22,30
24,1,35,23
24,1,36,23
1,33,25,23
1,34,25,23
1,37,25,23
38,1,25,23
1,26,33,23
1,26,34,23
1,26,37,23
1,26,38,23
1,27,31,23
32,1,27,23
1,28,31,23
32,1,28,23
1,29,30,23
24,1,25,33
24,1,34,25
24,1,37,25
24,1,25,38
24,1,26,33
24,1,26,34
24,1,26,37
24,1,26,38
24,1,27,31
24,1,32,27
24,1,28,31
24,1,32,28
24,1,29,30
1,26,35,25
1,26,36,25
1,27,25,33
1,34,27,25
1,27,37,25
38,1,27,25
1,28,25,33
1,34,28,25
1,28,37,25
38,1,28,25
1,29,25,31
32,1,29,25
1,31,25,30
32,1,25,30
1,26,27,33
1,26,27,34
1,26,27,37
1,26,27,38
1,26,28,33
1,26,28,34
1,26,28,37
1,26,28,38
1,26,29,31
32,1,26,29
1,26,30,31
32,1,26,30
1,27,28,35
1,27,28,36
1,27,29,33
1,34,27,29
37,1,27,29
1,27,29,38
1,27,30,33
1,34,27,30
1,27,37,30
38,1,27,30
32,1,27,31
1,28,29,33
1,34,28,29
1,37,28,29
1,28,29,38
1,28,30,33
1,34,28,30
1,28,37,30
38,1,28,30
32,1,28,31
1,35,29,30
1,36,29,30
1,33,29,31
1,34,29,31
1,37,29,31
1,29,38,31
32,1,29,33
32,1,34,29
32,1,37,29
32,1,29,38
1,33,30,31
1,34,30,31
1,37,30,31
38,1,30,31
32,1,30,33
32,1,34,30
32,1,37,30
32,1,30,38
32,1,35,31
32,1,36,31
1,34,33,31
1,33,37,31
1,33,38,31
1,34,37,31
1,34,38,31
32,1,34,33
32,1,37,33
32,1,38,33
32,1,34,37
32,1,34,38
1,34,35,33
1,34,36,33
1,35,37,33
1,35,38,33
1,36,37,33
1,36,38,33
1,34,35,37
1,34,35,38
1,34,36,37
1,34,36,38
1,35,37,38
1,36,37,38
27,2,3,4
2,3,4,28
2,3,4,31
32,2,3,4
35,2,3,4
2,3,4,36
25,2,3,5
26,2,3,5
29,2,3,5
2,3,5,30
37,2,3,5
2,3,5,38
2,3,6,23
24,2,3,6
27,2,3,6
2,3,28,6
2,3,21,7
2,3,22,7
25,2,3,7
26,2,3,7
8,19,2,3
8,2,3,20
8,2,3,23
8,24,2,3
9,2,3,17
18,9,2,3
9,2,3,21
9,2,3,22
10,2,3,15
10,16,2,3
10,19,2,3
10,2,3,20
11,2,3,13
11,2,3,14
11,17,2,3
11,18,2,3
2,3,12,15
16,2,3,12
2,4,5,23
24,2,4,5
2,4,5,31
32,2,4,5
2,35,4,5
2,4,5,36
2,4,21,6
2,4,6,22
2,4,29,6
2,4,6,30
2,4,37,6
38,2,4,6
2,19,4,7
2,4,20,7
2,27,4,7
2,4,28,7
8,17,2,4
8,2,18,4
8,25,2,4
8,2,26,4
9,2,4,15
16,9,2,4
9,2,4,23
24,9,2,4
2,10,4,13
2,10,4,14
2,10,4,21
2,10,4,22
19,2,11,4
2,11,4,20
17,2,4,12
2,18,4,12
2,4,13,14
2,19,5,6
2,20,5,6
2,5,6,31
32,2,5,6
2,35,5,6
2,36,5,6
17,2,5,7
2,18,5,7
2,29,5,7
2,5,30,7
2,37,5,7
2,5,38,7
8,2,5,15
8,16,2,5
8,2,27,5
8,2,28,5
9,2,13,5
9,2,5,14
9,2,5,25
9,2,26,5
2,10,5,23
24,2,10,5
2,11,12,5
21,2,11,5
2,11,5,22
2,19,12,5
2,20,12,5
2,13,5,15
16,2,13,5
2,5,14,15
16,2,5,14
2,15,6,7
16,2,6,7
2,31,6,7
32,2,6,7
2,35,6,7
2,36,6,7
8,2,13,6
8,2,6,14
8,2,29,6
8,2,6,30
8,2,37,6
8,38,2,6
9,2,27,6
9,2,28,6
2,10,12,6
25,2,10,6
26,2,10,6
2,11,6,23
24,2,11,6
2,12,21,6
2,12,6,22
17,2,13,6
2,18,13,6
17,2,6,14
2,18,6,14
16,2,6,15
8,2,31,7
8,2,32,7
8,2,35,7
8,2,36,7
9,2,12,7
9,2,29,7
9,2,30,7
9,2,37,7
9,2,38,7
11,2,10,7
27,2,10,7
2,10,28,7
25,2,11,7
26,2,11,7
2,12,23,7
24,2,12,7
2,19,13,7
2,20,13,7
2,19,14,7
2,20,14,7
17,2,15,7
2,18,15,7
16,17,2,7
16,2,18,7
8,9,2,11
8,9,2,31
8,9,2,32
8,9,2,35
8,9,2,36
8,2,10,29
8,2,10,30
8,2,10,37
8,2,10,38
8,27,2,11
8,2,11,28
8,25,2,12
8,2,26,12
8,2,21,13
8,2,13,22
8,2,21,14
8,2,14,22
8,2,19,15
8,2,20,15
8,16,2,19
8,16,2,20
8,17,2,18
9,2,10,31
32,9,2,10
9,2,10,35
9,2,10,36
9,2,11,29
9,2,11,30
9,2,11,37
9,2,11,38
9,2,27,12
9,2,12,28
9,2,13,23
24,9,2,13
9,2,14,23
24,9,2,14
9,2,21,15
9,2,22,15
16,9,2,21
16,9,2,22
9,2,19,17
9,2,20,17
19,9,2,18
9,2,18,20
11,2,10,31
11,32,2,10
11,35,2,10
11,2,10,36
2,10,12,29
2,10,12,30
2,10,12,37
2,10,12,38
25,2,10,13
26,2,10,13
25,2,10,14
26,2,10,14
2,10,23,15
24,2,10,15
16,2,10,23
16,24,2,10
17,2,10,21
17,2,10,22
18,2,10,21
18,2,10,22
19,2,10,20
2,11,12,31
32,2,11,12
35,2,11,12
2,11,12,36
27,2,11,13
2,11,28,13
27,2,11,14
2,11,28,14
25,2,11,15
26,2,11,15
16,25,2,11
16,26,2,11
17,2,11,23
24,17,2,11
18,2,11,23
18,24,2,11
19,2,11,21
19,2,11,22
2,11,20,21
2,11,20,22
2,29,12,13
2,12,13,30
2,37,12,13
2,12,13,38
2,12,29,14
2,12,14,30
2,12,37,14
38,2,12,14
2,27,12,15
2,12,28,15
16,2,27,12
16,2,12,28
17,2,12,25
17,2,26,12
25,2,18,12
26,2,18,12
2,19,12,23
24,2,19,12
2,12,20,23
24,2,12,20
2,12,21,22
33,2,13,14
2,34,13,14
2,31,13,15
32,2,13,15
2,35,13,15
2,36,13,15
16,2,13,31
16,2,32,13
16,2,35,13
16,2,36,13
17,2,29,13
17,2,13,30
17,2,37,13
17,2,13,38
29,2,18,13
2,18,13,30
37,2,18,13
2,18,13,38
27,2,19,13
2,19,28,13
2,27,20,13
2,28,20,13
25,2,21,13
26,2,21,13
25,2,13,22
2,26,13,22
24,2,13,23
2,31,14,15
32,2,14,15
2,35,14,15
2,36,14,15
16,2,14,31
16,2,32,14
16,2,35,14
16,2,36,14
17,2,29,14
17,2,14,30
17,2,37,14
38,17,2,14
2,18,29,14
2,18,14,30
2,18,37,14
38,2,18,14
27,2,19,14
2,19,28,14
2,27,20,14
2,20,28,14
25,2,21,14
2,26,21,14
25,2,14,22
2,26,14,22
24,2,14,23
16,33,2,15
16,2,34,15
17,2,31,15
32,17,2,15
17,2,35,15
17,2,36,15
2,18,31,15
32,2,18,15
35,2,18,15
2,18,36,15
2,19,29,15
2,19,30,15
2,19,37,15
2,19,38,15
2,20,29,15
2,20,30,15
2,20,37,15
2,20,38,15
2,27,21,15
2,28,21,15
2,27,22,15
2,28,22,15
25,2,23,15
2,26,23,15
24,25,2,15
24,2,26,15
16,17,2,31
16,17,2,32
16,17,2,35
16,17,2,36
16,2,18,31
16,32,2,18
16,35,2,18
16,2,18,36
16,2,19,29
16,2,19,30
16,2,19,37
16,2,19,38
16,2,20,29
16,2,20,30
16,2,20,37
16,2,20,38
16,2,27,21
16,2,28,21
16,2,27,22
16,2,28,22
16,25,2,23
16,2,26,23
16,24,2,25
16,24,2,26
17,2,18,33
17,2,18,34
17,2,19,31
32,17,2,19
17,2,19,35
17,2,19,36
17,2,20,31
32,17,2,20
17,2,35,20
17,2,20,36
17,2,29,21
17,2,21,30
17,2,37,21
17,2,21,38
17,2,29,22
17,2,22,30
17,2,37,22
38,17,2,22
17,2,27,23
17,2,28,23
24,17,2,27
24,17,2,28
17,2,26,25
19,2,18,31
19,32,2,18
19,35,2,18
19,2,18,36
2,18,20,31
32,2,18,20
35,2,18,20
2,18,20,36
29,2,18,21
2,18,21,30
37,2,18,21
2,18,21,38
2,18,29,22
2,18,22,30
2,18,37,22
38,2,18,22
27,2,18,23
2,18,28,23
24,27,2,18
24,2,18,28
26,25,2,18
33,2,19,20
2,19,20,34
2,19,21,31
32,2,19,21
35,2,19,21
2,19,36,21
2,19,22,31
32,2,19,22
35,2,19,22
2,19,36,22
2,19,29,23
2,19,30,23
2,19,37,23
2,19,38,23
24,2,19,29
24,2,19,30
24,2,19,37
24,2,19,38
27,25,2,19
25,2,19,28
26,27,2,19
26,2,19,28
2,20,21,31
32,2,20,21
2,35,20,21
2,20,21,36
2,20,22,31
32,2,20,22
2,35,20,22
2,20,22,36
2,20,29,23
2,20,30,23
2,20,37,23
2,20,38,23
24,2,20,29
24,2,20,30
24,2,20,37
24,2,20,38
25,2,27,20
25,2,20,28
27,2,26,20
2,26,20,28
33,2,21,22
2,34,21,22
2,31,21,23
32,2,21,23
2,35,21,23
2,36,21,23
24,2,21,31
24,2,32,21
24,2,35,21
24,2,36,21
25,2,29,21
25,2,21,30
25,2,37,21
25,2,21,38
29,2,26,21
2,26,21,30
37,2,26,21
2,26,21,38
2,27,28,21
2,31,22,23
32,2,22,23
2,35,22,23
2,36,22,23
24,2,22,31
24,2,32,22
24,2,35,22
24,2,36,22
25,2,29,22
25,2,22,30
25,2,37,22
38,25,2,22
2,26,29,22
2,26,22,30
2,26,37,22
38,2,26,22
2,27,28,22
24,33,2,23
24,2,34,23
25,2,31,23
32,25,2,23
25,2,35,23
25,2,36,23
2,26,31,23
32,2,26,23
35,2,26,23
2,26,36,23
2,27,29,23
2,27,30,23
2,27,37,23
2,27,38,23
2,28,29,23
2,28,30,23
2,28,37,23
2,28,38,23
24,25,2,31
24,25,2,32
24,25,2,35
24,25,2,36
24,2,26,31
24,32,2,26
24,35,2,26
24,2,26,36
24,2,27,29
24,2,27,30
24,2,27,37
24,2,27,38
24,2,28,29
24,2,28,30
24,2,28,37
24,2,28,38
25,2,26,33
25,2,26,34
25,2,27,31
32,25,2,27
25,2,27,35
25,2,27,36
25,2,28,31
32,25,2,28
25,2,35,28
25,2,28,36
25,2,29,30
25,2,37,29
25,2,29,38
25,2,37,30
38,25,2,30
27,2,26,31
27,32,2,26
27,35,2,26
27,2,26,36
2,26,28,31
32,2,26,28
35,2,26,28
2,26,28,36
2,26,29,30
37,2,26,29
2,26,29,38
2,26,37,30
38,2,26,30
33,2,27,28
2,27,28,34
2,27,29,31
32,2,27,29
35,2,27,29
2,27,36,29
2,27,30,31
32,2,27,30
35,2,27,30
2,27,36,30
2,27,37,31
2,27,38,31
32,2,27,37
32,2,27,38
2,28,29,31
32,2,28,29
2,35,28,29
2,28,29,36
2,28,30,31
32,2,28,30
2,35,28,30
2,28,30,36
2,28,37,31
2,28,38,31
32,2,28,37
32,2,28,38
33,2,29,30
2,34,29,30
32,2,29,31
2,35,29,31
2,36,29,31
32,2,35,29
32,2,36,29
33,2,37,29
33,2,29,38
2,37,34,29
2,34,29,38
32,2,30,31
2,35,30,31
2,36,30,31
32,2,35,30
32,2,36,30
33,2,37,30
38,33,2,30
2,34,37,30
38,2,34,30
32,33,2,31
32,2,34,31
33,2,35,31
33,2,36,31
2,35,34,31
2,34,36,31
2,35,37,31
2,35,38,31
2,36,37,31
2,36,38,31
32,33,2,35
32,33,2,36
32,2,35,34
32,2,34,36
32,2,35,37
32,2,35,38
32,2,36,37
32,2,36,38
33,2,35,36
33,2,37,38
2,35,34,36
2,34,37,38
2,35,36,37
2,35,36,38
25,3,4,5
26,3,4,5
29,3,4,5
3,4,5,30
33,3,4,5
34,3,4,5
3,4,6,23
24,3,4,6
27,3,4,6
3,4,28,6
35,3,4,6
3,4,6,36
3,4,21,7
3,4,22,7
25,3,4,7
26,3,4,7
3,4,37,7
3,4,38,7
8,19,3,4
8,3,4,20
8,3,4,23
8,24,3,4
9,3,4,17
9,18,3,4
9,3,4,21
9,3,4,22
10,3,4,15
16,10,3,4
19,10,3,4
10,3,4,20
11,3,4,13
11,3,4,14
11,17,3,4
11,18,3,4
3,4,12,15
16,3,4,12
21,3,5,6
3,5,6,22
29,3,5,6
3,5,6,30
33,3,5,6
34,3,5,6
19,3,5,7
3,20,5,7
27,3,5,7
3,28,5,7
35,3,5,7
3,36,5,7
8,17,3,5
8,18,3,5
8,25,3,5
8,26,3,5
8,37,3,5
8,3,5,38
9,3,5,15
16,9,3,5
9,3,5,23
24,9,3,5
13,10,3,5
10,3,5,14
21,10,3,5
10,3,5,22
11,19,3,5
11,3,20,5
17,3,12,5
18,3,12,5
13,3,5,14
17,3,6,7
18,3,6,7
3,29,6,7
3,30,6,7
33,3,6,7
34,3,6,7
8,3,6,15
8,16,3,6
8,27,3,6
8,3,28,6
8,35,3,6
8,3,36,6
9,3,13,6
9,3,6,14
9,3,6,25
9,26,3,6
9,3,37,6
38,9,3,6
10,3,6,23
24,10,3,6
11,3,12,6
11,3,21,6
11,3,6,22
19,3,12,6
3,12,20,6
3,13,6,15
16,3,13,6
3,15,6,14
16,3,6,14
8,3,13,7
8,3,14,7
8,3,29,7
8,3,30,7
8,33,3,7
8,34,3,7
27,9,3,7
9,3,28,7
9,3,35,7
9,3,36,7
10,3,12,7
25,10,3,7
26,10,3,7
10,3,37,7
10,3,38,7
11,3,23,7
11,24,3,7
3,12,21,7
3,12,22,7
17,3,13,7
18,3,13,7
17,3,14,7
18,3,14,7
16,3,15,7
8,9,3,12
8,9,3,29
8,9,3,30
8,9,3,33
8,9,34,3
8,11,10,3
8,27,10,3
8,10,3,28
8,35,10,3
8,10,3,36
8,11,3,25
8,11,26,3
8,11,3,37
8,11,3,38
8,3,12,23
8,24,3,12
8,19,3,13
8,3,20,13
8,19,3,14
8,3,20,14
8,17,3,15
8,18,3,15
8,16,3,17
8,16,18,3
9,10,3,29
9,10,3,30
9,10,3,33
9,10,3,34
11,9,3,27
11,9,3,28
11,9,3,35
11,9,3,36
9,3,12,25
9,26,3,12
9,3,12,37
9,3,12,38
9,21,3,13
9,3,13,22
9,3,21,14
9,3,14,22
19,9,3,15
9,3,20,15
16,9,3,19
16,9,3,20
9,18,3,17
11,10,3,29
11,10,3,30
11,33,10,3
11,10,3,34
27,10,3,12
10,3,12,28
35,10,3,12
10,3,12,36
10,3,13,23
24,10,3,13
10,3,14,23
24,10,3,14
10,3,21,15
10,3,22,15
16,10,3,21
16,10,3,22
19,17,10,3
17,10,3,20
18,19,10,3
18,10,3,20
11,3,12,29
11,3,12,30
11,33,3,12
11,34,3,12
11,25,3,13
11,26,3,13
11,37,3,13
11,3,13,38
11,25,3,14
11,26,3,14
11,3,37,14
11,38,3,14
11,3,23,15
11,24,3,15
11,16,3,23
11,16,3,24
11,17,3,21
11,17,3,22
11,18,3,21
11,18,3,22
11,19,3,20
27,3,12,13
28,3,12,13
35,3,12,13
3,12,13,36
27,3,12,14
3,12,28,14
35,3,12,14
3,12,14,36
25,3,12,15
26,3,12,15
3,12,37,15
3,12,38,15
16,25,3,12
16,26,3,12
16,3,12,37
16,3,12,38
17,3,12,23
24,17,3,12
18,3,12,23
24,18,3,12
19,3,12,21
19,3,12,22
21,3,12,20
3,12,20,22
3,13,14,31
32,3,13,14
29,3,13,15
3,13,30,15
33,3,13,15
34,3,13,15
16,29,3,13
16,3,13,30
16,33,3,13
16,34,3,13
27,17,3,13
17,3,28,13
17,3,13,35
17,3,36,13
27,18,3,13
18,3,28,13
35,18,3,13
18,3,36,13
19,25,3,13
19,26,3,13
19,37,3,13
19,3,13,38
25,3,20,13
26,3,20,13
37,3,20,13
3,20,13,38
21,3,13,23
24,21,3,13
3,13,22,23
24,3,13,22
3,29,14,15
3,30,14,15
33,3,14,15
34,3,14,15
16,3,29,14
16,3,14,30
16,33,3,14
16,34,3,14
27,17,3,14
17,3,28,14
17,3,14,35
17,3,36,14
27,18,3,14
18,3,28,14
35,18,3,14
18,3,36,14
19,25,3,14
19,26,3,14
19,3,37,14
19,38,3,14
25,3,20,14
26,3,20,14
3,20,37,14
38,3,20,14
3,21,14,23
24,3,21,14
3,23,14,22
24,3,14,22
16,3,31,15
16,32,3,15
17,3,29,15
17,3,30,15
17,3,33,15
17,34,3,15
18,3,29,15
18,3,30,15
33,18,3,15
18,3,34,15
19,27,3,15
19,3,28,15
19,35,3,15
19,3,36,15
27,3,20,15
3,20,28,15
35,3,20,15
3,20,36,15
25,3,21,15
26,3,21,15
37,3,21,15
3,21,38,15
25,3,22,15
26,3,22,15
3,37,22,15
38,3,22,15
24,3,23,15
16,17,3,29
16,17,3,30
16,17,3,33
16,17,34,3
16,18,3,29
16,18,3,30
16,33,18,3
16,18,3,34
16,19,3,27
16,19,3,28
16,19,3,35
16,19,3,36
16,27,3,20
16,3,20,28
16,35,3,20
16,3,20,36
16,25,3,21
16,26,3,21
16,37,3,21
16,3,21,38
16,25,3,22
16,26,3,22
16,3,37,22
16,38,3,22
16,24,3,23
17,18,3,31
32,17,18,3
19,17,3,29
19,17,3,30
19,17,3,33
19,17,34,3
17,3,20,29
17,3,20,30
17,3,20,33
17,34,3,20
27,17,3,21
17,3,28,21
17,3,21,35
17,3,36,21
27,17,3,22
17,3,28,22
17,3,22,35
17,3,36,22
17,3,25,23
17,26,3,23
17,3,37,23
17,3,38,23
24,17,3,25
24,17,26,3
24,17,3,37
24,17,3,38
19,18,3,29
19,18,3,30
19,33,18,3
19,18,3,34
18,3,20,29
18,3,20,30
33,18,3,20
18,3,20,34
27,18,3,21
18,3,28,21
35,18,3,21
18,3,36,21
27,18,3,22
18,3,28,22
35,18,3,22
18,3,36,22
25,18,3,23
26,18,3,23
18,3,37,23
18,3,38,23
24,25,18,3
24,26,18,3
24,18,3,37
24,18,3,38
19,3,20,31
19,32,3,20
19,29,3,21
19,3,21,30
19,33,3,21
19,34,3,21
19,3,29,22
19,3,22,30
19,33,3,22
19,34,3,22
19,27,3,23
19,3,28,23
19,35,3,23
19,3,36,23
19,24,3,27
19,24,3,28
19,24,3,35
19,24,3,36
19,25,26,3
19,25,3,37
19,25,3,38
19,26,3,37
19,26,3,38
29,3,20,21
3,20,21,30
33,3,20,21
34,3,20,21
3,20,29,22
3,20,22,30
33,3,20,22
34,3,20,22
27,3,20,23
3,20,28,23
35,3,20,23
3,20,36,23
24,27,3,20
24,3,20,28
24,35,3,20
24,3,20,36
25,26,3,20
25,3,20,37
25,3,20,38
26,3,20,37
26,3,20,38
3,21,22,31
32,3,21,22
29,3,21,23
3,21,30,23
33,3,21,23
34,3,21,23
24,29,3,21
24,3,21,30
24,33,3,21
24,34,3,21
27,25,3,21
25,3,28,21
25,3,21,35
25,3,36,21
27,26,3,21
26,3,28,21
35,26,3,21
26,3,36,21
27,37,3,21
27,3,21,38
37,3,28,21
3,28,21,38
3,29,22,23
3,30,22,23
33,3,22,23
34,3,22,23
24,3,29,22
24,3,22,30
24,33,3,22
24,34,3,22
27,25,3,22
25,3,28,22
25,3,22,35
25,3,36,22
27,26,3,22
26,3,28,22
35,26,3,22
26,3,36,22
27,3,37,22
27,38,3,22
3,28,37,22
38,3,28,22
24,3,31,23
24,32,3,23
25,3,29,23
25,3,30,23
25,3,33,23
25,34,3,23
26,3,29,23
26,3,30,23
33,26,3,23
26,3,34,23
27,3,28,23
27,35,3,23
27,3,36,23
35,3,28,23
3,28,36,23
37,3,29,23
3,29,38,23
3,37,30,23
38,3,30,23
24,25,3,29
24,25,3,30
24,25,3,33
24,25,34,3
24,26,3,29
24,26,3,30
24,33,26,3
24,26,3,34
24,27,3,28
24,27,3,35
24,27,3,36
24,35,3,28
24,3,28,36
24,37,3,29
24,3,29,38
24,3,37,30
24,38,3,30
25,26,3,31
32,25,26,3
27,25,3,29
27,25,3,30
27,25,3,33
27,25,34,3
25,3,28,29
25,3,28,30
25,3,28,33
25,34,3,28
25,3,29,35
25,3,36,29
25,3,30,35
25,3,36,30
25,3,37,31
25,3,38,31
32,25,3,37
32,25,3,38
27,26,3,29
27,26,3,30
27,33,26,3
27,26,3,34
26,3,28,29
26,3,28,30
33,26,3,28
26,3,28,34
35,26,3,29
26,3,36,29
35,26,3,30
26,3,36,30
26,3,37,31
26,3,38,31
32,26,3,37
32,26,3,38
27,3,28,31
27,32,3,28
27,3,29,30
27,33,3,29
27,34,3,29
27,33,3,30
27,34,3,30
27,35,3,31
27,3,36,31
27,35,32,3
27,32,3,36
27,33,3,37
27,33,3,38
27,34,3,37
27,34,3,38
3,28,29,30
33,3,28,29
34,3,28,29
33,3,28,30
34,3,28,30
35,3,28,31
3,28,36,31
32,35,3,28
32,3,28,36
33,3,28,37
33,3,28,38
34,3,28,37
34,3,28,38
3,29,30,31
32,3,29,30
33,3,29,31
34,3,29,31
32,33,3,29
32,34,3,29
33,3,29,35
33,3,36,29
35,34,3,29
34,3,36,29
37,35,3,29
35,3,29,38
37,3,36,29
3,36,29,38
33,3,30,31
34,3,30,31
32,33,3,30
32,34,3,30
33,3,30,35
33,3,36,30
35,34,3,30
34,3,36,30
35,3,37,30
38,35,3,30
3,36,37,30
38,3,36,30
33,34,3,31
35,3,36,31
3,37,38,31
32,33,34,3
32,35,3,36
32,3,37,38
33,34,3,35
33,34,3,36
33,3,37,35
38,33,3,35
33,3,36,37
33,3,36,38
35,34,3,37
35,34,3,38
34,3,36,37
34,3,36,38
4,5,6,23
24,4,5,6
27,4,5,6
28,4,5,6
4,5,6,31
32,4,5,6
21,4,5,7
4,5,22,7
25,4,5,7
26,4,5,7
33,4,5,7
34,4,5,7
8,19,4,5
8,20,4,5
8,4,5,23
8,24,4,5
8,35,4,5
8,4,5,36
9,4,5,17
9,18,4,5
9,21,4,5
9,4,5,22
9,37,4,5
9,4,5,38
10,4,5,15
16,10,4,5
10,19,4,5
10,20,4,5
13,11,4,5
11,4,5,14
17,11,4,5
18,11,4,5
12,4,5,15
16,12,4,5
19,4,6,7
4,20,6,7
27,4,6,7
4,28,6,7
4,31,6,7
32,4,6,7
8,17,4,6
8,18,4,6
8,25,4,6
8,26,4,6
8,33,4,6
8,34,4,6
9,4,6,15
16,9,4,6
9,4,6,23
24,9,4,6
9,35,4,6
9,4,6,36
10,4,13,6
10,4,6,14
10,4,21,6
10,4,6,22
10,4,37,6
38,10,4,6
19,11,4,6
11,4,20,6
17,4,12,6
18,4,12,6
4,13,6,14
8,4,15,7
8,16,4,7
8,27,4,7
8,4,28,7
8,4,31,7
8,32,4,7
9,4,13,7
9,4,14,7
9,4,25,7
9,26,4,7
9,4,33,7
9,34,4,7
10,4,23,7
24,10,4,7
10,35,4,7
10,4,36,7
11,4,12,7
11,4,21,7
11,4,22,7
11,4,37,7
11,4,38,7
19,4,12,7
20,4,12,7
15,4,13,7
16,4,13,7
4,15,14,7
16,4,14,7
8,9,27,4
8,9,4,28
8,9,4,31
8,9,32,4
8,10,4,12
8,25,10,4
8,10,26,4
8,33,10,4
8,10,4,34
8,11,4,23
8,24,11,4
8,35,11,4
8,11,4,36
8,21,4,12
8,4,12,22
8,37,4,12
8,4,12,38
8,17,4,13
8,18,4,13
8,17,4,14
8,18,4,14
8,16,4,15
9,10,11,4
9,10,27,4
9,10,4,28
9,10,4,31
32,9,10,4
9,11,4,25
9,26,11,4
9,11,4,33
9,34,11,4
9,4,12,23
24,9,4,12
9,35,4,12
9,4,12,36
9,19,4,13
9,20,4,13
9,19,4,14
9,4,20,14
9,4,17,15
9,18,4,15
16,9,4,17
16,9,18,4
27,10,11,4
10,11,4,28
10,11,4,31
32,10,11,4
25,10,4,12
10,26,4,12
33,10,4,12
10,34,4,12
10,21,4,13
10,4,13,22
10,37,4,13
10,4,13,38
10,4,21,14
10,4,14,22
10,4,37,14
38,10,4,14
10,19,4,15
10,4,20,15
16,10,19,4
16,10,4,20
17,10,18,4
27,11,4,12
28,11,4,12
11,4,12,31
32,11,4,12
11,4,13,23
24,11,4,13
35,11,4,13
11,4,13,36
11,4,14,23
24,11,4,14
35,11,4,14
11,4,14,36
11,4,21,15
11,4,22,15
11,4,37,15
11,4,38,15
16,11,4,21
16,11,4,22
16,11,4,37
16,11,4,38
19,17,11,4
17,11,4,20
19,18,11,4
18,11,4,20
25,13,4,12
13,26,4,12
33,13,4,12
13,34,4,12
25,4,12,14
26,4,12,14
33,4,12,14
34,4,12,14
23,4,12,15
24,4,12,15
35,4,12,15
4,12,36,15
16,4,12,23
16,24,4,12
16,35,4,12
16,4,12,36
17,21,4,12
17,4,12,22
17,37,4,12
17,4,12,38
18,21,4,12
18,4,12,22
18,37,4,12
18,4,12,38
20,19,4,12
29,4,13,14
4,13,14,30
27,4,13,15
28,4,13,15
31,4,13,15
32,4,13,15
16,27,4,13
16,28,4,13
16,4,13,31
16,32,4,13
17,4,13,25
17,26,4,13
17,4,13,33
17,34,4,13
25,18,4,13
18,26,4,13
33,18,4,13
18,34,4,13
19,4,13,23
24,19,4,13
35,19,4,13
19,4,13,36
20,4,13,23
24,20,4,13
20,35,4,13
20,4,13,36
21,4,13,22
21,37,4,13
21,4,13,38
37,4,13,22
38,4,13,22
27,4,14,15
4,28,14,15
4,31,14,15
32,4,14,15
16,27,4,14
16,4,28,14
16,4,14,31
16,32,4,14
17,4,14,25
17,26,4,14
17,4,14,33
17,34,4,14
25,18,4,14
18,26,4,14
33,18,4,14
18,4,34,14
19,4,14,23
24,19,4,14
35,19,4,14
19,4,14,36
4,20,14,23
24,4,20,14
35,4,20,14
4,20,14,36
4,21,14,22
37,4,21,14
38,4,21,14
4,37,14,22
38,4,14,22
16,4,29,15
16,4,30,15
17,27,4,15
17,4,28,15
17,4,31,15
32,17,4,15
18,27,4,15
18,4,28,15
18,4,31,15
32,18,4,15
25,19,4,15
26,19,4,15
33,19,4,15
34,19,4,15
25,4,20,15
26,4,20,15
33,4,20,15
34,4,20,15
23,4,21,15
24,4,21,15
35,4,21,15
4,21,36,15
4,23,22,15
24,4,22,15
35,4,22,15
4,36,22,15
37,4,23,15
4,23,38,15
24,4,37,15
24,4,38,15
16,17,27,4
16,17,4,28
16,17,4,31
16,17,32,4
16,18,27,4
16,18,4,28
16,18,4,31
16,18,32,4
16,25,19,4
16,26,19,4
16,33,19,4
16,34,19,4
16,25,4,20
16,26,4,20
16,33,4,20
16,34,4,20
16,4,21,23
16,24,4,21
16,35,4,21
16,4,21,36
16,4,22,23
16,24,4,22
16,35,4,22
16,4,22,36
16,4,37,23
16,4,38,23
16,24,4,37
16,24,4,38
17,18,4,29
17,18,4,30
27,17,19,4
17,19,4,28
17,19,4,31
32,17,19,4
17,27,4,20
17,28,4,20
17,4,20,31
32,17,4,20
17,4,21,25
17,26,4,21
17,4,21,33
17,34,4,21
17,4,22,25
17,26,4,22
17,4,22,33
17,34,4,22
24,17,4,23
17,35,4,23
17,4,36,23
24,17,35,4
24,17,4,36
17,4,37,25
38,17,4,25
17,26,4,37
17,26,4,38
27,18,19,4
18,19,4,28
18,19,4,31
32,18,19,4
18,27,4,20
18,28,4,20
18,4,20,31
32,18,4,20
25,18,4,21
18,26,4,21
33,18,4,21
18,34,4,21
25,18,4,22
18,26,4,22
33,18,4,22
18,4,34,22
24,18,4,23
18,35,4,23
18,4,36,23
24,18,35,4
24,18,4,36
25,18,4,37
25,18,4,38
18,26,4,37
18,26,4,38
29,19,4,20
19,4,20,30
27,19,4,21
28,19,4,21
19,4,21,31
32,19,4,21
27,19,4,22
19,4,28,22
19,4,22,31
32,19,4,22
25,19,4,23
26,19,4,23
33,19,4,23
34,19,4,23
24,25,19,4
24,26,19,4
24,33,19,4
24,34,19,4
25,19,4,35
25,19,4,36
35,26,19,4
26,19,4,36
27,19,4,37
27,19,4,38
37,19,4,28
19,4,28,38
21,27,4,20
21,28,4,20
21,4,20,31
32,21,4,20
27,4,20,22
28,4,20,22
4,20,22,31
32,4,20,22
25,4,20,23
26,4,20,23
33,4,20,23
34,4,20,23
24,25,4,20
24,26,4,20
24,33,4,20
24,34,4,20
25,35,4,20
25,4,20,36
26,35,4,20
26,4,20,36
37,27,4,20
27,4,20,38
28,37,4,20
28,4,20,38
29,4,21,22
4,21,22,30
27,4,21,23
28,4,21,23
31,4,21,23
32,4,21,23
24,27,4,21
24,28,4,21
24,4,21,31
24,32,4,21
25,26,4,21
25,4,21,33
25,34,4,21
33,26,4,21
26,34,4,21
35,27,4,21
27,4,21,36
28,35,4,21
28,4,21,36
29,37,4,21
29,4,21,38
37,4,21,30
38,4,21,30
27,4,22,23
4,28,22,23
4,31,22,23
32,4,22,23
24,27,4,22
24,4,28,22
24,4,22,31
24,32,4,22
25,26,4,22
25,4,22,33
25,34,4,22
33,26,4,22
26,4,34,22
35,27,4,22
27,4,22,36
35,4,28,22
4,28,22,36
37,4,29,22
38,4,29,22
4,37,22,30
38,4,22,30
24,4,29,23
24,4,30,23
25,27,4,23
25,4,28,23
25,4,31,23
32,25,4,23
26,27,4,23
26,4,28,23
26,4,31,23
32,26,4,23
33,27,4,23
34,27,4,23
33,4,28,23
34,4,28,23
35,4,29,23
4,29,36,23
35,4,30,23
4,36,30,23
37,4,31,23
4,31,38,23
32,4,37,23
32,4,38,23
24,25,27,4
24,25,4,28
24,25,4,31
24,25,32,4
24,26,27,4
24,26,4,28
24,26,4,31
24,26,32,4
24,33,27,4
24,34,27,4
24,33,4,28
24,34,4,28
24,35,4,29
24,4,29,36
24,35,4,30
24,4,30,36
24,4,37,31
24,4,38,31
24,32,4,37
24,32,4,38
25,26,4,29
25,26,4,30
25,27,4,28
25,27,4,31
32,25,27,4
25,4,28,31
32,25,4,28
25,4,29,33
25,34,4,29
25,4,30,33
25,34,4,30
25,35,4,31
25,4,36,31
32,25,35,4
32,25,4,36
25,4,37,33
25,4,38,33
25,34,4,37
25,34,4,38
26,27,4,28
26,27,4,31
32,26,27,4
26,4,28,31
32,26,4,28
33,26,4,29
26,34,4,29
33,26,4,30
26,4,34,30
26,35,4,31
26,4,36,31
32,26,35,4
32,26,4,36
33,26,4,37
33,26,4,38
26,37,4,34
26,4,34,38
29,27,4,28
27,4,28,30
27,4,29,31
32,27,4,29
27,4,30,31
32,27,4,30
33,27,4,31
34,27,4,31
32,33,27,4
32,34,27,4
33,27,4,35
33,27,4,36
35,34,27,4
34,27,4,36
35,27,4,37
35,27,4,38
27,4,37,36
38,27,4,36
29,4,28,31
32,29,4,28
4,28,30,31
32,4,28,30
33,4,28,31
34,4,28,31
32,33,4,28
32,34,4,28
33,35,4,28
33,4,28,36
34,35,4,28
34,4,28,36
37,35,4,28
35,4,28,38
37,4,28,36
38,4,28,36
32,4,29,31
33,34,4,29
35,4,29,36
37,4,29,38
32,4,30,31
33,34,4,30
35,4,30,36
38,4,37,30
32,33,4,31
32,34,4,31
33,35,4,31
33,4,36,31
34,35,4,31
34,4,36,31
35,4,37,31
35,4,38,31
4,37,36,31
38,4,36,31
32,33,35,4
32,33,4,36
32,34,35,4
32,34,4,36
32,35,4,37
32,35,4,38
32,4,37,36
32,38,4,36
33,34,4,37
33,34,4,38
21,5,6,7
22,5,6,7
25,5,6,7
26,5,6,7
29,5,6,7
30,5,6,7
8,19,5,6
8,20,5,6
8,5,6,23
8,24,5,6
8,5,6,31
8,32,5,6
9,5,6,17
9,18,5,6
9,21,5,6
9,5,6,22
9,5,6,33
9,34,5,6
10,5,6,15
16,10,5,6
10,19,5,6
10,20,5,6
10,35,5,6
10,36,5,6
13,11,5,6
11,5,6,14
17,11,5,6
18,11,5,6
37,11,5,6
38,11,5,6
12,5,6,15
16,12,5,6
8,17,5,7
8,18,5,7
8,25,5,7
8,26,5,7
8,29,5,7
8,5,30,7
9,15,5,7
16,9,5,7
9,23,5,7
24,9,5,7
9,31,5,7
32,9,5,7
10,13,5,7
10,5,14,7
10,21,5,7
10,5,22,7
33,10,5,7
10,34,5,7
19,11,5,7
11,20,5,7
35,11,5,7
11,36,5,7
17,12,5,7
18,12,5,7
37,12,5,7
12,5,38,7
13,5,14,7
8,9,13,5
8,9,5,14
8,9,5,25
8,9,26,5
8,9,29,5
8,9,5,30
8,10,5,23
8,24,10,5
8,10,5,31
8,10,32,5
8,11,12,5
8,21,11,5
8,11,5,22
8,33,11,5
8,34,11,5
8,19,12,5
8,20,12,5
8,35,12,5
8,12,5,36
8,13,5,15
8,16,13,5
8,5,14,15
8,16,5,14
9,10,12,5
9,10,5,25
9,10,26,5
9,10,29,5
9,10,5,30
9,11,5,23
24,9,11,5
9,11,5,31
32,9,11,5
9,21,12,5
9,12,5,22
9,12,5,33
9,34,12,5
9,13,5,17
9,13,18,5
9,13,37,5
9,13,5,38
9,5,14,17
9,18,5,14
9,37,5,14
38,9,5,14
16,9,5,15
25,10,11,5
26,10,11,5
29,10,11,5
10,11,5,30
10,12,5,23
24,10,12,5
10,12,5,31
32,10,12,5
19,10,13,5
10,13,20,5
35,10,13,5
10,13,36,5
10,19,5,14
10,20,5,14
10,35,5,14
10,36,5,14
17,10,5,15
10,18,5,15
10,37,5,15
10,5,38,15
16,17,10,5
16,10,18,5
16,10,37,5
16,10,5,38
25,11,12,5
26,11,12,5
29,11,12,5
11,12,5,30
21,13,11,5
13,11,5,22
33,13,11,5
13,11,34,5
21,11,5,14
11,5,14,22
33,11,5,14
34,11,5,14
19,11,5,15
11,20,5,15
35,11,5,15
11,36,5,15
16,19,11,5
16,11,20,5
16,35,11,5
16,11,36,5
17,18,11,5
37,17,11,5
17,11,5,38
37,18,11,5
18,11,5,38
13,12,5,23
24,13,12,5
13,12,5,31
32,13,12,5
12,5,14,23
24,12,5,14
12,5,14,31
32,12,5,14
21,12,5,15
12,5,22,15
33,12,5,15
34,12,5,15
16,21,12,5
16,12,5,22
16,33,12,5
16,34,12,5
17,19,12,5
17,20,12,5
17,35,12,5
17,12,5,36
18,19,12,5
18,20,12,5
18,35,12,5
18,12,5,36
37,19,12,5
19,12,5,38
20,37,12,5
20,12,5,38
13,27,5,14
13,28,5,14
25,13,5,15
13,26,5,15
13,29,5,15
13,5,30,15
16,25,13,5
16,13,26,5
16,13,29,5
16,13,5,30
17,13,5,23
24,17,13,5
17,13,5,31
32,17,13,5
13,18,5,23
24,13,18,5
13,18,5,31
32,13,18,5
21,13,19,5
13,19,5,22
33,13,19,5
13,19,34,5
13,21,20,5
13,20,5,22
33,13,20,5
13,34,20,5
35,13,21,5
13,21,36,5
13,35,5,22
13,36,5,22
13,37,5,23
13,5,38,23
24,13,37,5
24,13,5,38
25,5,14,15
26,5,14,15
29,5,14,15
30,5,14,15
16,25,5,14
16,26,5,14
16,29,5,14
16,5,14,30
17,5,14,23
24,17,5,14
17,5,14,31
32,17,5,14
18,5,14,23
24,18,5,14
18,5,14,31
32,18,5,14
21,19,5,14
19,5,14,22
33,19,5,14
34,19,5,14
21,20,5,14
20,5,14,22
33,20,5,14
34,20,5,14
21,35,5,14
21,36,5,14
35,5,14,22
36,5,14,22
37,5,14,23
38,5,14,23
24,37,5,14
24,38,5,14
16,27,5,15
16,28,5,15
17,5,25,15
17,26,5,15
17,29,5,15
17,5,30,15
25,18,5,15
18,26,5,15
18,29,5,15
18,5,30,15
19,23,5,15
24,19,5,15
19,31,5,15
32,19,5,15
23,20,5,15
24,20,5,15
31,20,5,15
32,20,5,15
21,5,22,15
33,21,5,15
21,34,5,15
33,5,22,15
34,5,22,15
35,23,5,15
23,5,36,15
24,35,5,15
24,36,5,15
25,37,5,15
25,5,38,15
26,37,5,15
26,5,38,15
16,17,5,25
16,17,26,5
16,17,29,5
16,17,5,30
16,25,18,5
16,18,26,5
16,18,29,5
16,18,5,30
16,19,5,23
16,24,19,5
16,19,5,31
16,32,19,5
16,20,5,23
16,24,20,5
16,20,5,31
16,32,20,5
16,21,5,22
16,33,21,5
16,21,34,5
16,33,5,22
16,34,5,22
16,35,5,23
16,36,5,23
16,24,35,5
16,24,36,5
16,25,37,5
16,25,5,38
16,26,37,5
16,26,5,38
17,18,27,5
17,18,28,5
17,19,5,25
17,26,19,5
17,29,19,5
17,19,5,30
17,20,5,25
17,26,20,5
17,29,20,5
17,20,5,30
17,21,5,23
24,17,21,5
17,21,5,31
32,17,21,5
17,5,22,23
24,17,5,22
17,5,22,31
32,17,5,22
17,33,5,23
17,34,5,23
24,17,5,33
24,17,34,5
17,35,5,25
17,36,5,25
17,26,35,5
17,26,36,5
37,17,27,5
17,27,5,38
17,37,28,5
17,28,5,38
25,18,19,5
26,18,19,5
29,18,19,5
18,19,5,30
25,18,20,5
18,26,20,5
18,29,20,5
18,20,5,30
18,21,5,23
24,18,21,5
18,21,5,31
32,18,21,5
18,5,22,23
24,18,5,22
18,5,22,31
32,18,5,22
33,18,5,23
18,34,5,23
24,33,18,5
24,18,34,5
25,18,35,5
25,18,36,5
35,18,26,5
18,26,36,5
37,18,27,5
18,27,5,38
18,37,28,5
18,28,5,38
27,19,20,5
28,19,20,5
25,21,19,5
26,21,19,5
29,21,19,5
21,19,5,30
25,19,5,22
26,19,5,22
29,19,5,22
19,5,22,30
24,19,5,23
19,31,5,23
32,19,5,23
24,19,5,31
24,32,19,5
25,19,5,33
25,34,19,5
33,26,19,5
26,19,34,5
27,35,19,5
27,19,36,5
35,19,28,5
19,28,5,36
37,29,19,5
29,19,5,38
37,19,5,30
38,19,5,30
25,21,20,5
21,26,20,5
21,29,20,5
21,20,5,30
25,20,5,22
26,20,5,22
29,20,5,22
20,5,22,30
24,20,5,23
31,20,5,23
32,20,5,23
24,20,5,31
24,32,20,5
25,20,5,33
25,34,20,5
33,26,20,5
26,34,20,5
35,27,20,5
27,20,5,36
28,35,20,5
28,20,5,36
29,37,20,5
29,20,5,38
37,20,5,30
38,20,5,30
21,27,5,22
21,28,5,22
25,21,5,23
21,26,5,23
21,29,5,23
21,5,30,23
24,25,21,5
24,21,26,5
24,21,29,5
24,21,5,30
25,21,5,31
32,25,21,5
21,26,5,31
32,21,26,5
33,21,27,5
21,27,34,5
33,21,28,5
21,34,28,5
35,21,29,5
21,29,36,5
21,35,5,30
21,36,5,30
21,37,5,31
21,5,38,31
32,21,37,5
32,21,5,38
25,5,22,23
26,5,22,23
29,5,22,23
30,5,22,23
24,25,5,22
24,26,5,22
24,29,5,22
24,5,22,30
25,5,22,31
32,25,5,22
26,5,22,31
32,26,5,22
33,27,5,22
34,27,5,22
33,28,5,22
34,28,5,22
29,35,5,22
29,36,5,22
35,5,22,30
36,5,22,30
37,5,22,31
38,5,22,31
32,37,5,22
32,38,5,22
24,27,5,23
24,28,5,23
25,26,5,23
25,29,5,23
25,5,30,23
26,29,5,23
26,5,30,23
27,31,5,23
32,27,5,23
31,28,5,23
32,28,5,23
33,29,5,23
29,34,5,23
33,5,30,23
34,5,30,23
35,31,5,23
31,5,36,23
32,35,5,23
32,36,5,23
33,37,5,23
33,5,38,23
34,37,5,23
34,5,38,23
24,25,26,5
24,25,29,5
24,25,5,30
24,26,29,5
24,26,5,30
24,27,5,31
24,32,27,5
24,28,5,31
24,32,28,5
24,33,29,5
24,29,34,5
24,33,5,30
24,34,5,30
24,35,5,31
24,36,5,31
24,32,35,5
24,32,36,5
24,33,37,5
24,33,5,38
24,34,37,5
24,34,5,38
25,26,27,5
25,26,28,5
25,29,27,5
25,27,5,30
25,29,28,5
25,28,5,30
25,29,5,31
32,25,29,5
25,5,30,31
32,25,5,30
25,33,5,31
25,34,5,31
32,25,5,33
32,25,34,5
25,35,5,33
25,36,5,33
25,34,35,5
25,34,36,5
37,25,35,5
25,35,5,38
25,37,36,5
25,36,5,38
29,26,27,5
26,27,5,30
26,29,28,5
26,28,5,30
26,29,5,31
32,26,29,5
26,5,30,31
32,26,5,30
33,26,5,31
26,34,5,31
32,33,26,5
32,26,34,5
33,26,35,5
33,26,36,5
26,35,34,5
26,34,5,36
37,26,35,5
26,35,5,38
26,37,36,5
26,36,5,38
29,27,5,30
32,27,5,31
33,34,27,5
35,27,36,5
37,27,5,38
29,28,5,30
32,28,5,31
33,34,28,5
35,28,5,36
37,28,5,38
29,5,30,31
32,29,5,30
33,29,5,31
29,34,5,31
32,33,29,5
32,29,34,5
33,29,35,5
33,29,36,5
29,35,34,5
29,34,5,36
37,29,35,5
29,35,5,38
29,37,36,5
29,36,5,38
33,5,30,31
34,5,30,31
32,33,5,30
32,34,5,30
33,35,5,30
33,36,5,30
34,35,5,30
34,36,5,30
37,35,5,30
38,35,5,30
37,36,5,30
38,36,5,30
32,35,5,31
32,36,5,31
33,37,5,31
33,5,38,31
34,37,5,31
34,5,38,31
32,33,37,5
32,33,5,38
32,34,37,5
32,34,5,38
8,19,6,7
8,20,6,7
8,23,6,7
8,24,6,7
8,27,6,7
8,28,6,7
9,17,6,7
9,18,6,7
9,21,6,7
9,22,6,7
9,29,6,7
9,30,6,7
10,15,6,7
16,10,6,7
10,19,6,7
10,20,6,7
10,31,6,7
32,10,6,7
11,13,6,7
11,14,6,7
17,11,6,7
18,11,6,7
33,11,6,7
34,11,6,7
12,15,6,7
16,12,6,7
35,12,6,7
12,36,6,7
8,9,6,15
8,9,6,16
8,9,6,23
8,9,6,24
8,9,27,6
8,9,28,6
8,10,13,6
8,10,6,14
8,10,21,6
8,10,6,22
8,10,29,6
8,10,6,30
8,19,11,6
8,11,20,6
8,11,6,31
8,32,11,6
8,17,12,6
8,18,12,6
8,33,12,6
8,34,12,6
8,13,6,14
8,37,13,6
8,38,13,6
8,37,6,14
8,38,6,14
9,10,6,23
24,9,10,6
9,10,27,6
9,10,28,6
9,11,12,6
9,11,21,6
9,11,6,22
9,11,29,6
9,11,6,30
9,19,12,6
9,12,20,6
9,12,6,31
32,9,12,6
9,13,6,15
16,9,13,6
9,35,13,6
9,36,13,6
9,15,6,14
16,9,6,14
9,35,6,14
9,36,6,14
9,37,6,15
38,9,6,15
16,9,37,6
16,9,6,38
10,11,6,23
24,10,11,6
27,10,11,6
10,11,28,6
10,12,21,6
10,12,6,22
10,12,29,6
10,12,6,30
17,10,13,6
10,18,13,6
33,10,13,6
10,34,13,6
17,10,6,14
10,18,6,14
33,10,6,14
10,34,6,14
16,10,6,15
10,35,6,15
10,36,6,15
16,10,35,6
16,10,36,6
17,10,37,6
38,17,10,6
10,18,37,6
38,10,18,6
11,12,6,23
24,11,12,6
27,11,12,6
11,12,28,6
19,11,13,6
11,20,13,6
11,13,6,31
32,11,13,6
19,11,6,14
11,20,6,14
11,31,6,14
32,11,6,14
17,11,6,15
18,11,6,15
33,11,6,15
34,11,6,15
16,17,11,6
16,18,11,6
16,33,11,6
16,34,11,6
17,11,6,35
17,11,36,6
35,18,11,6
18,11,36,6
19,11,37,6
19,38,11,6
11,20,37,6
38,11,20,6
21,12,13,6
12,13,6,22
29,12,13,6
12,13,6,30
12,21,6,14
12,22,6,14
12,29,6,14
12,30,6,14
19,12,6,15
12,20,6,15
12,31,6,15
32,12,6,15
16,19,12,6
16,12,20,6
16,12,6,31
16,32,12,6
17,18,12,6
17,12,6,33
17,34,12,6
33,18,12,6
18,12,34,6
35,19,12,6
19,12,6,36
35,12,20,6
12,20,6,36
37,12,21,6
38,12,21,6
12,37,6,22
38,12,6,22
25,13,6,14
26,13,6,14
23,13,6,15
24,13,6,15
27,13,6,15
28,13,6,15
16,13,6,23
16,24,13,6
16,27,13,6
16,28,13,6
17,21,13,6
17,13,6,22
17,29,13,6
17,13,6,30
18,21,13,6
18,13,6,22
18,29,13,6
18,13,6,30
19,20,13,6
19,13,6,31
32,19,13,6
20,13,6,31
32,20,13,6
33,21,13,6
21,34,13,6
33,13,6,22
34,13,6,22
35,13,6,23
36,13,6,23
24,35,13,6
24,36,13,6
25,37,13,6
38,25,13,6
26,37,13,6
38,26,13,6
15,23,6,14
24,15,6,14
27,15,6,14
15,28,6,14
16,23,6,14
16,24,6,14
16,27,6,14
16,28,6,14
17,21,6,14
17,22,6,14
17,29,6,14
17,30,6,14
18,21,6,14
18,22,6,14
18,29,6,14
18,30,6,14
19,20,6,14
19,31,6,14
32,19,6,14
20,31,6,14
32,20,6,14
33,21,6,14
34,21,6,14
33,22,6,14
34,22,6,14
35,23,6,14
23,36,6,14
24,35,6,14
24,36,6,14
25,37,6,14
38,25,6,14
26,37,6,14
38,26,6,14
16,25,6,15
16,26,6,15
17,23,6,15
24,17,6,15
17,27,6,15
17,28,6,15
18,23,6,15
24,18,6,15
18,27,6,15
18,28,6,15
19,21,6,15
19,22,6,15
19,29,6,15
19,30,6,15
20,21,6,15
20,22,6,15
20,29,6,15
20,30,6,15
31,21,6,15
32,21,6,15
22,31,6,15
32,22,6,15
33,23,6,15
34,23,6,15
24,33,6,15
24,34,6,15
25,35,6,15
25,36,6,15
26,35,6,15
26,36,6,15
27,37,6,15
38,27,6,15
28,37,6,15
38,28,6,15
16,17,6,23
16,17,6,24
16,17,27,6
16,17,28,6
16,18,6,23
16,24,18,6
16,18,27,6
16,18,28,6
16,19,21,6
16,19,6,22
16,19,29,6
16,19,6,30
16,20,21,6
16,20,6,22
16,20,29,6
16,20,6,30
16,21,6,31
16,32,21,6
16,31,6,22
16,32,6,22
16,33,6,23
16,34,6,23
16,24,6,33
16,24,34,6
16,25,35,6
16,25,36,6
16,26,35,6
16,26,36,6
16,27,37,6
16,38,27,6
16,28,37,6
16,38,28,6
17,18,6,25
17,18,26,6
17,19,6,23
24,17,19,6
27,17,19,6
17,19,28,6
17,20,6,23
24,17,20,6
17,27,20,6
17,20,28,6
17,21,6,22
17,29,21,6
17,21,6,30
17,29,6,22
17,30,6,22
17,31,6,23
32,17,6,23
24,17,6,31
24,17,32,6
17,33,6,25
17,34,6,25
17,26,6,33
17,26,34,6
17,27,6,35
17,27,36,6
17,35,28,6
17,28,6,36
17,37,29,6
38,17,29,6
17,37,6,30
38,17,6,30
18,19,6,23
24,18,19,6
27,18,19,6
18,19,28,6
18,20,6,23
24,18,20,6
18,27,20,6
18,20,28,6
18,21,6,22
18,29,21,6
18,21,6,30
18,29,6,22
18,30,6,22
18,31,6,23
32,18,6,23
24,18,6,31
24,18,32,6
25,18,6,33
25,18,34,6
33,18,26,6
18,26,34,6
35,18,27,6
18,27,36,6
18,35,28,6
18,28,6,36
18,37,29,6
38,18,29,6
18,37,6,30
38,18,6,30
25,19,20,6
26,19,20,6
19,21,6,23
24,19,21,6
27,19,21,6
19,28,21,6
19,23,6,22
24,19,6,22
27,19,6,22
19,28,6,22
19,29,6,23
19,30,6,23
24,19,29,6
24,19,6,30
25,19,6,31
32,25,19,6
26,19,6,31
32,26,19,6
27,33,19,6
27,34,19,6
33,19,28,6
34,19,28,6
35,19,29,6
19,36,29,6
35,19,6,30
19,36,6,30
19,37,6,31
38,19,6,31
32,19,37,6
32,38,19,6
20,21,6,23
24,20,21,6
27,20,21,6
28,20,21,6
20,23,6,22
24,20,6,22
27,20,6,22
20,28,6,22
20,29,6,23
20,30,6,23
24,20,29,6
24,20,6,30
25,20,6,31
32,25,20,6
26,20,6,31
32,26,20,6
33,27,20,6
34,27,20,6
33,20,28,6
34,20,28,6
35,20,29,6
20,29,6,36
35,20,6,30
20,36,6,30
20,37,6,31
38,20,6,31
32,20,37,6
32,38,20,6
25,21,6,22
26,21,6,22
24,21,6,23
27,21,6,23
28,21,6,23
24,27,21,6
24,28,21,6
25,29,21,6
25,21,6,30
26,29,21,6
26,21,6,30
27,21,6,31
32,27,21,6
28,21,6,31
32,28,21,6
33,29,21,6
29,34,21,6
33,21,6,30
34,21,6,30
35,21,6,31
36,21,6,31
32,35,21,6
32,36,21,6
33,37,21,6
38,33,21,6
34,37,21,6
38,34,21,6
24,23,6,22
27,23,6,22
23,28,6,22
24,27,6,22
24,28,6,22
25,29,6,22
25,30,6,22
26,29,6,22
26,30,6,22
27,31,6,22
32,27,6,22
28,31,6,22
32,28,6,22
33,29,6,22
34,29,6,22
33,30,6,22
34,30,6,22
35,31,6,22
31,36,6,22
32,35,6,22
32,36,6,22
33,37,6,22
38,33,6,22
34,37,6,22
38,34,6,22
24,25,6,23
24,26,6,23
25,27,6,23
25,28,6,23
26,27,6,23
26,28,6,23
27,29,6,23
27,30,6,23
28,29,6,23
28,30,6,23
31,29,6,23
32,29,6,23
30,31,6,23
32,30,6,23
33,31,6,23
34,31,6,23
32,33,6,23
32,34,6,23
33,35,6,23
33,36,6,23
34,35,6,23
34,36,6,23
35,37,6,23
38,35,6,23
36,37,6,23
38,36,6,23
24,25,27,6
24,25,28,6
24,26,27,6
24,26,28,6
24,27,29,6
24,27,6,30
24,28,29,6
24,28,6,30
24,29,6,31
24,32,29,6
24,31,6,30
24,32,6,30
24,33,6,31
24,34,6,31
24,33,32,6
24,32,34,6
24,33,35,6
24,33,36,6
24,34,35,6
24,34,36,6
24,35,37,6
24,38,35,6
24,36,37,6
24,38,36,6
25,27,28,6
25,29,6,30
32,25,6,31
25,34,6,33
25,35,36,6
38,25,37,6
26,27,28,6
26,29,6,30
32,26,6,31
33,26,34,6
26,35,36,6
38,26,37,6
27,28,29,6
27,28,6,30
27,29,6,31
32,27,29,6
27,31,6,30
32,27,6,30
33,27,6,31
34,27,6,31
32,33,27,6
32,34,27,6
33,27,6,35
33,27,36,6
35,34,27,6
34,27,36,6
35,27,37,6
38,35,27,6
27,36,37,6
38,27,36,6
28,29,6,31
32,28,29,6
28,31,6,30
32,28,6,30
33,28,6,31
34,28,6,31
32,33,28,6
32,34,28,6
33,35,28,6
33,28,6,36
34,35,28,6
34,28,6,36
35,28,37,6
38,35,28,6
28,37,6,36
38,28,6,36
33,29,6,30
34,29,6,30
35,29,6,31
36,29,6,31
32,35,29,6
32,36,29,6
33,37,29,6
38,33,29,6
34,37,29,6
38,34,29,6
35,31,6,30
31,36,6,30
32,35,6,30
32,36,6,30
33,37,6,30
38,33,6,30
34,37,6,30
38,34,6,30
32,37,6,31
32,38,6,31
8,9,17,7
8,9,18,7
8,9,21,7
8,9,22,7
8,9,25,7
8,9,26,7
8,10,15,7
8,16,10,7
8,10,19,7
8,10,20,7
8,10,27,7
8,10,28,7
8,11,13,7
8,11,14,7
8,17,11,7
8,18,11,7
8,11,29,7
8,11,30,7
8,12,15,7
8,16,12,7
8,12,31,7
8,32,12,7
8,35,13,7
8,36,13,7
8,35,14,7
8,36,14,7
8,15,37,7
8,15,38,7
8,16,37,7
8,16,38,7
9,10,13,7
9,10,14,7
9,10,21,7
9,10,22,7
9,10,25,7
9,10,26,7
19,9,11,7
9,11,20,7
27,9,11,7
9,11,28,7
9,12,17,7
9,18,12,7
9,12,29,7
9,12,30,7
9,13,14,7
9,33,13,7
9,34,13,7
9,33,14,7
9,34,14,7
9,35,15,7
9,15,36,7
16,9,35,7
16,9,36,7
9,37,17,7
38,9,17,7
9,18,37,7
9,18,38,7
10,11,12,7
10,11,21,7
10,11,22,7
25,10,11,7
26,10,11,7
10,19,12,7
10,12,20,7
10,27,12,7
10,12,28,7
10,15,13,7
16,10,13,7
10,31,13,7
32,10,13,7
10,15,14,7
16,10,14,7
10,31,14,7
32,10,14,7
33,10,15,7
10,15,34,7
16,33,10,7
16,10,34,7
17,10,35,7
17,10,36,7
35,10,18,7
10,18,36,7
10,19,37,7
10,19,38,7
10,20,37,7
10,20,38,7
11,12,21,7
11,12,22,7
25,11,12,7
26,11,12,7
17,11,13,7
18,11,13,7
29,11,13,7
11,13,30,7
17,11,14,7
18,11,14,7
11,29,14,7
11,30,14,7
16,11,15,7
11,15,31,7
32,11,15,7
16,11,31,7
16,32,11,7
17,11,33,7
17,34,11,7
33,18,11,7
18,11,34,7
19,35,11,7
19,11,36,7
35,11,20,7
11,20,36,7
37,11,21,7
11,21,38,7
11,37,22,7
38,11,22,7
19,12,13,7
20,12,13,7
27,12,13,7
28,12,13,7
19,12,14,7
12,20,14,7
27,12,14,7
12,28,14,7
17,12,15,7
18,12,15,7
29,12,15,7
12,15,30,7
16,17,12,7
16,18,12,7
16,12,29,7
16,12,30,7
17,12,31,7
32,17,12,7
18,12,31,7
32,18,12,7
33,19,12,7
34,19,12,7
33,12,20,7
34,12,20,7
35,12,21,7
12,21,36,7
35,12,22,7
12,36,22,7
37,12,23,7
12,23,38,7
24,12,37,7
24,12,38,7
23,13,14,7
24,13,14,7
21,15,13,7
15,13,22,7
25,15,13,7
26,15,13,7
16,21,13,7
16,13,22,7
16,25,13,7
16,26,13,7
17,19,13,7
17,20,13,7
17,27,13,7
17,28,13,7
18,19,13,7
18,20,13,7
18,27,13,7
18,28,13,7
29,19,13,7
19,13,30,7
29,20,13,7
20,13,30,7
21,31,13,7
32,21,13,7
31,13,22,7
32,13,22,7
33,23,13,7
34,23,13,7
24,33,13,7
24,34,13,7
25,35,13,7
25,36,13,7
26,35,13,7
26,36,13,7
37,27,13,7
27,13,38,7
37,28,13,7
28,13,38,7
15,21,14,7
15,22,14,7
25,15,14,7
26,15,14,7
16,21,14,7
16,22,14,7
16,25,14,7
16,26,14,7
17,19,14,7
17,20,14,7
17,27,14,7
17,28,14,7
18,19,14,7
18,20,14,7
18,27,14,7
18,28,14,7
19,29,14,7
19,30,14,7
20,29,14,7
20,30,14,7
31,21,14,7
32,21,14,7
22,31,14,7
32,22,14,7
33,23,14,7
34,23,14,7
24,33,14,7
24,34,14,7
25,35,14,7
25,36,14,7
26,35,14,7
26,36,14,7
27,37,14,7
38,27,14,7
28,37,14,7
38,28,14,7
16,15,23,7
16,24,15,7
17,15,21,7
17,15,22,7
17,15,25,7
17,26,15,7
18,15,21,7
18,15,22,7
25,18,15,7
18,26,15,7
19,15,20,7
27,19,15,7
19,15,28,7
27,15,20,7
28,15,20,7
29,15,21,7
15,21,30,7
15,29,22,7
15,30,22,7
31,15,23,7
32,15,23,7
24,15,31,7
24,32,15,7
25,15,33,7
25,34,15,7
33,26,15,7
26,15,34,7
35,27,15,7
27,15,36,7
35,15,28,7
15,28,36,7
37,15,29,7
15,29,38,7
15,37,30,7
38,15,30,7
16,17,21,7
16,17,22,7
16,17,25,7
16,17,26,7
16,18,21,7
16,18,22,7
16,25,18,7
16,18,26,7
16,19,20,7
16,27,19,7
16,19,28,7
16,27,20,7
16,20,28,7
16,29,21,7
16,21,30,7
16,29,22,7
16,30,22,7
16,23,31,7
16,32,23,7
16,24,31,7
16,24,32,7
16,25,33,7
16,25,34,7
16,33,26,7
16,26,34,7
16,35,27,7
16,27,36,7
16,35,28,7
16,28,36,7
16,37,29,7
16,29,38,7
16,37,30,7
16,38,30,7
17,18,23,7
24,17,18,7
17,19,21,7
17,19,22,7
17,19,25,7
17,26,19,7
17,20,21,7
17,20,22,7
17,20,25,7
17,26,20,7
17,27,21,7
17,28,21,7
17,27,22,7
17,28,22,7
17,23,29,7
17,23,30,7
24,17,29,7
24,17,30,7
17,31,25,7
32,17,25,7
17,26,31,7
32,17,26,7
17,27,33,7
17,34,27,7
17,28,33,7
17,34,28,7
17,35,29,7
17,36,29,7
17,35,30,7
17,36,30,7
17,31,37,7
17,31,38,7
32,17,37,7
32,17,38,7
18,19,21,7
18,19,22,7
25,18,19,7
26,18,19,7
18,20,21,7
18,20,22,7
25,18,20,7
18,26,20,7
18,27,21,7
18,28,21,7
18,27,22,7
18,28,22,7
18,23,29,7
18,23,30,7
24,18,29,7
24,18,30,7
25,18,31,7
32,25,18,7
18,26,31,7
32,18,26,7
33,18,27,7
18,27,34,7
33,18,28,7
18,28,34,7
18,35,29,7
18,36,29,7
18,35,30,7
18,36,30,7
18,31,37,7
18,31,38,7
32,18,37,7
32,18,38,7
19,20,23,7
24,19,20,7
19,21,22,7
25,19,21,7
26,19,21,7
25,19,22,7
26,19,22,7
27,19,23,7
19,23,28,7
24,27,19,7
24,19,28,7
25,19,29,7
25,19,30,7
26,19,29,7
26,19,30,7
27,19,31,7
27,32,19,7
19,28,31,7
32,19,28,7
33,19,29,7
34,19,29,7
33,19,30,7
34,19,30,7
35,19,31,7
19,31,36,7
32,35,19,7
32,19,36,7
33,19,37,7
33,19,38,7
34,19,37,7
34,19,38,7
20,21,22,7
25,20,21,7
26,20,21,7
25,20,22,7
26,20,22,7
27,20,23,7
28,20,23,7
24,27,20,7
24,20,28,7
25,20,29,7
25,20,30,7
26,20,29,7
26,20,30,7
27,20,31,7
32,27,20,7
31,20,28,7
32,20,28,7
33,20,29,7
34,20,29,7
33,20,30,7
34,20,30,7
35,20,31,7
20,31,36,7
32,35,20,7
32,20,36,7
33,20,37,7
33,20,38,7
34,20,37,7
34,20,38,7
23,21,22,7
24,21,22,7
25,23,21,7
26,23,21,7
24,25,21,7
24,26,21,7
25,27,21,7
25,28,21,7
26,27,21,7
26,28,21,7
29,27,21,7
27,21,30,7
29,28,21,7
28,21,30,7
29,31,21,7
32,29,21,7
31,21,30,7
32,21,30,7
33,31,21,7
34,31,21,7
32,33,21,7
32,34,21,7
33,35,21,7
33,36,21,7
34,35,21,7
34,36,21,7
37,35,21,7
35,21,38,7
37,36,21,7
36,21,38,7
25,23,22,7
26,23,22,7
24,25,22,7
24,26,22,7
25,27,22,7
25,28,22,7
26,27,22,7
26,28,22,7
27,29,22,7
27,30,22,7
28,29,22,7
28,30,22,7
31,29,22,7
32,29,22,7
30,31,22,7
32,30,22,7
33,31,22,7
34,31,22,7
32,33,22,7
32,34,22,7
33,35,22,7
33,36,22,7
34,35,22,7
34,36,22,7
35,37,22,7
38,35,22,7
36,37,22,7
38,36,22,7
25,26,23,7
27,23,28,7
23,29,30,7
32,23,31,7
33,34,23,7
35,23,36,7
23,37,38,7
24,25,26,7
24,27,28,7
24,29,30,7
24,32,31,7
24,33,34,7
24,35,36,7
24,37,38,7
25,26,27,7
25,26,28,7
25,27,29,7
25,27,30,7
25,28,29,7
25,28,30,7
25,31,29,7
32,25,29,7
25,31,30,7
32,25,30,7
25,31,33,7
25,34,31,7
32,25,33,7
32,25,34,7
25,35,33,7
25,33,36,7
25,34,35,7
25,34,36,7
25,35,37,7
25,35,38,7
25,36,37,7
25,36,38,7
26,27,29,7
26,27,30,7
26,28,29,7
26,28,30,7
26,31,29,7
32,26,29,7
26,31,30,7
32,26,30,7
33,26,31,7
26,31,34,7
32,33,26,7
32,26,34,7
33,26,35,7
33,26,36,7
26,35,34,7
26,34,36,7
26,35,37,7
26,35,38,7
26,36,37,7
26,36,38,7
27,28,31,7
32,27,28,7
33,27,29,7
34,27,29,7
33,27,30,7
34,27,30,7
35,27,31,7
27,31,36,7
32,35,27,7
32,27,36,7
33,27,37,7
33,27,38,7
34,27,37,7
34,27,38,7
33,28,29,7
34,28,29,7
33,28,30,7
34,28,30,7
35,28,31,7
28,31,36,7
32,35,28,7
32,28,36,7
33,28,37,7
33,28,38,7
34,28,37,7
34,28,38,7
35,29,30,7
36,29,30,7
37,31,29,7
31,29,38,7
32,37,29,7
32,29,38,7
31,37,30,7
38,31,30,7
32,37,30,7
32,38,30,7
8,9,10,15
8,9,10,16
8,9,10,19
8,9,10,20
8,9,10,23
8,9,10,24
8,9,11,13
8,9,11,14
8,9,11,17
8,9,18,11
8,9,11,25
8,9,26,11
8,9,12,15
8,9,12,16
8,9,27,12
8,9,12,28
8,9,13,31
8,9,32,13
8,9,14,31
8,9,32,14
8,9,33,15
8,9,34,15
8,9,16,33
8,9,34,16
8,9,35,17
8,9,36,17
8,9,18,35
8,9,18,36
8,9,19,37
8,9,19,38
8,9,20,37
8,9,20,38
8,19,10,11
8,10,11,20
8,10,11,23
8,24,10,11
8,17,10,12
8,10,18,12
8,25,10,12
8,10,26,12
8,10,13,14
8,10,29,13
8,10,13,30
8,10,29,14
8,10,14,30
8,10,31,15
8,10,32,15
8,16,10,31
8,16,10,32
8,17,10,33
8,17,10,34
8,33,10,18
8,10,18,34
8,35,10,19
8,10,19,36
8,10,35,20
8,10,20,36
8,10,37,21
8,10,21,38
8,10,37,22
8,38,10,22
8,19,11,12
8,11,12,20
8,11,12,23
8,24,11,12
8,11,13,15
8,16,11,13
8,27,11,13
8,11,28,13
8,11,14,15
8,16,11,14
8,27,11,14
8,11,28,14
8,11,29,15
8,11,30,15
8,16,11,29
8,16,11,30
8,17,11,31
8,17,32,11
8,18,11,31
8,32,18,11
8,19,11,33
8,19,34,11
8,33,11,20
8,34,11,20
8,35,11,21
8,11,36,21
8,35,11,22
8,11,36,22
8,11,37,23
8,11,38,23
8,24,11,37
8,24,11,38
8,17,12,13
8,18,12,13
8,25,12,13
8,26,12,13
8,17,12,14
8,18,12,14
8,25,12,14
8,26,12,14
8,16,12,15
8,27,12,15
8,12,28,15
8,16,27,12
8,16,12,28
8,17,12,29
8,17,12,30
8,18,12,29
8,18,12,30
8,19,12,31
8,32,19,12
8,12,20,31
8,32,12,20
8,33,12,21
8,34,12,21
8,33,12,22
8,34,12,22
8,35,12,23
8,12,36,23
8,24,35,12
8,24,12,36
8,25,12,37
8,25,12,38
8,26,12,37
8,26,12,38
8,21,13,14
8,13,14,22
8,19,13,15
8,20,13,15
8,23,13,15
8,24,13,15
8,16,19,13
8,16,20,13
8,16,13,23
8,16,13,24
8,17,18,13
8,17,13,25
8,17,26,13
8,25,18,13
8,18,26,13
8,27,19,13
8,19,28,13
8,27,20,13
8,28,20,13
8,21,29,13
8,21,13,30
8,29,13,22
8,13,22,30
8,31,13,23
8,32,13,23
8,24,13,31
8,24,32,13
8,25,13,33
8,25,34,13
8,33,26,13
8,26,34,13
8,35,27,13
8,27,36,13
8,35,28,13
8,28,13,36
8,29,37,13
8,29,13,38
8,37,13,30
8,38,13,30
8,19,14,15
8,20,14,15
8,23,14,15
8,24,14,15
8,16,19,14
8,16,20,14
8,16,14,23
8,16,14,24
8,17,18,14
8,17,14,25
8,17,26,14
8,25,18,14
8,18,26,14
8,27,19,14
8,19,28,14
8,27,20,14
8,20,28,14
8,29,21,14
8,21,14,30
8,29,14,22
8,30,14,22
8,31,14,23
8,32,14,23
8,24,14,31
8,24,32,14
8,25,14,33
8,25,34,14
8,33,26,14
8,26,34,14
8,35,27,14
8,27,36,14
8,35,28,14
8,28,14,36
8,37,29,14
8,38,29,14
8,37,14,30
8,38,14,30
8,16,21,15
8,16,22,15
8,17,19,15
8,17,20,15
8,17,23,15
8,17,24,15
8,18,19,15
8,18,20,15
8,18,23,15
8,24,18,15
8,25,19,15
8,26,19,15
8,25,20,15
8,26,20,15
8,27,21,15
8,28,21,15
8,27,22,15
8,28,22,15
8,23,29,15
8,23,30,15
8,24,29,15
8,24,30,15
8,25,31,15
8,25,32,15
8,26,31,15
8,26,32,15
8,33,27,15
8,34,27,15
8,33,28,15
8,34,28,15
8,35,29,15
8,36,29,15
8,35,30,15
8,36,30,15
8,31,37,15
8,31,38,15
8,32,37,15
8,32,38,15
8,16,19,17
8,16,20,17
8,16,17,23
8,16,17,24
8,16,18,19
8,16,18,20
8,16,18,23
8,16,18,24
8,16,19,25
8,16,26,19
8,16,20,25
8,16,26,20
8,16,27,21
8,16,28,21
8,16,27,22
8,16,28,22
8,16,29,23
8,16,30,23
8,16,29,24
8,16,24,30
8,16,25,31
8,16,32,25
8,16,26,31
8,16,26,32
8,16,27,33
8,16,34,27
8,16,28,33
8,16,34,28
8,16,35,29
8,16,36,29
8,16,35,30
8,16,36,30
8,16,37,31
8,16,38,31
8,16,32,37
8,16,32,38
8,17,18,21
8,17,18,22
8,17,19,20
8,17,19,23
8,17,19,24
8,17,20,23
8,17,20,24
8,17,21,25
8,17,26,21
8,17,22,25
8,17,26,22
8,17,27,23
8,17,28,23
8,17,27,24
8,17,28,24
8,17,29,25
8,17,25,30
8,17,26,29
8,17,26,30
8,17,27,31
8,17,32,27
8,17,28,31
8,17,32,28
8,17,29,33
8,17,34,29
8,17,30,33
8,17,34,30
8,17,35,31
8,17,36,31
8,17,32,35
8,17,32,36
8,17,37,33
8,17,38,33
8,17,34,37
8,17,34,38
8,18,19,20
8,18,19,23
8,24,18,19
8,18,20,23
8,24,18,20
8,25,18,21
8,18,26,21
8,25,18,22
8,18,26,22
8,18,27,23
8,18,28,23
8,24,18,27
8,24,18,28
8,25,18,29
8,25,18,30
8,18,26,29
8,18,26,30
8,18,27,31
8,32,18,27
8,18,28,31
8,18,32,28
8,33,18,29
8,18,34,29
8,33,18,30
8,18,34,30
8,18,35,31
8,18,36,31
8,35,18,32
8,18,32,36
8,33,18,37
8,33,18,38
8,18,34,37
8,18,34,38
8,19,20,21
8,19,20,22
8,19,21,23
8,24,19,21
8,19,22,23
8,24,19,22
8,25,19,23
8,26,19,23
8,24,19,25
8,24,26,19
8,25,19,27
8,25,19,28
8,27,26,19
8,26,19,28
8,27,19,29
8,27,19,30
8,19,28,29
8,19,28,30
8,19,29,31
8,32,19,29
8,19,30,31
8,32,19,30
8,33,19,31
8,34,19,31
8,33,32,19
8,32,19,34
8,33,19,35
8,33,19,36
8,35,34,19
8,34,19,36
8,35,19,37
8,35,19,38
8,19,36,37
8,19,36,38
8,20,21,23
8,24,20,21
8,20,22,23
8,24,20,22
8,25,20,23
8,26,20,23
8,24,20,25
8,24,26,20
8,25,27,20
8,25,20,28
8,26,27,20
8,26,20,28
8,27,20,29
8,27,20,30
8,29,20,28
8,20,28,30
8,20,29,31
8,32,20,29
8,20,30,31
8,32,20,30
8,33,20,31
8,34,20,31
8,33,32,20
8,32,20,34
8,33,35,20
8,33,20,36
8,34,35,20
8,34,20,36
8,35,20,37
8,35,20,38
8,20,37,36
8,38,20,36
8,24,21,23
8,25,26,21
8,27,28,21
8,29,21,30
8,32,21,31
8,33,34,21
8,35,36,21
8,37,21,38
8,24,22,23
8,25,26,22
8,27,28,22
8,29,22,30
8,32,22,31
8,33,34,22
8,35,36,22
8,38,37,22
8,24,25,23
8,24,26,23
8,25,27,23
8,25,28,23
8,26,27,23
8,26,28,23
8,27,29,23
8,27,30,23
8,28,29,23
8,28,30,23
8,31,29,23
8,32,29,23
8,31,30,23
8,32,30,23
8,33,31,23
8,34,31,23
8,33,32,23
8,32,34,23
8,33,35,23
8,33,36,23
8,34,35,23
8,34,36,23
8,35,37,23
8,35,38,23
8,36,37,23
8,36,38,23
8,24,27,25
8,24,28,25
8,24,26,27
8,24,26,28
8,24,27,29
8,24,27,30
8,24,28,29
8,24,28,30
8,24,29,31
8,24,32,29
8,24,30,31
8,24,32,30
8,24,33,31
8,24,34,31
8,24,32,33
8,24,32,34
8,24,35,33
8,24,36,33
8,24,34,35
8,24,34,36
8,24,35,37
8,24,35,38
8,24,36,37
8,24,36,38
8,25,26,29
8,25,26,30
8,25,27,31
8,25,32,27
8,25,28,31
8,25,32,28
8,25,29,33
8,25,34,29
8,25,30,33
8,25,34,30
8,25,35,31
8,25,36,31
8,25,32,35
8,25,32,36
8,25,37,33
8,25,38,33
8,25,34,37
8,25,34,38
8,26,27,31
8,32,26,27
8,26,28,31
8,26,32,28
8,33,26,29
8,26,34,29
8,33,26,30
8,26,34,30
8,26,35,31
8,26,36,31
8,35,26,32
8,26,32,36
8,33,26,37
8,33,26,38
8,26,34,37
8,26,34,38
8,33,27,28
8,34,27,28
8,35,27,29
8,27,36,29
8,35,27,30
8,27,36,30
8,27,37,31
8,27,38,31
8,32,27,37
8,32,27,38
8,35,28,29
8,28,29,36
8,35,28,30
8,28,30,36
8,28,37,31
8,28,38,31
8,32,28,37
8,32,28,38
8,37,29,30
8,38,29,30
9,10,11,13
9,10,11,14
9,10,11,17
18,9,10,11
9,10,11,21
9,10,11,22
9,10,12,15
16,9,10,12
9,10,12,23
24,9,10,12
9,10,27,13
9,10,28,13
9,10,27,14
9,10,28,14
9,10,29,15
9,10,30,15
16,9,10,29
16,9,10,30
9,10,17,31
32,9,10,17
9,10,18,31
32,9,10,18
9,10,19,33
9,10,19,34
9,10,20,33
9,10,20,34
9,10,35,21
9,10,36,21
9,10,35,22
9,10,36,22
9,10,37,23
9,10,38,23
24,9,10,37
24,9,10,38
9,11,12,17
9,18,11,12
9,11,12,21
9,11,12,22
9,11,13,14
9,11,13,25
9,26,11,13
9,11,14,25
9,26,11,14
27,9,11,15
9,11,28,15
16,9,11,27
16,9,11,28
9,11,29,17
9,11,17,30
9,18,11,29
9,18,11,30
19,9,11,31
19,9,32,11
9,11,20,31
32,9,11,20
9,11,21,33
9,34,11,21
9,11,22,33
9,34,11,22
9,11,35,23
9,11,36,23
24,9,11,35
24,9,11,36
9,11,37,25
38,9,11,25
9,26,11,37
9,26,11,38
9,12,13,15
16,9,12,13
9,12,13,23
24,9,12,13
9,12,14,15
16,9,12,14
9,12,14,23
24,9,12,14
9,12,25,15
9,26,12,15
16,9,12,25
16,9,26,12
9,27,12,17
9,12,28,17
9,18,27,12
9,18,12,28
9,19,12,29
9,19,12,30
9,29,12,20
9,12,20,30
9,12,21,31
32,9,12,21
9,12,22,31
32,9,12,22
9,12,33,23
9,34,12,23
24,9,12,33
24,9,34,12
9,35,12,25
9,12,25,36
9,26,35,12
9,26,12,36
9,27,12,37
9,27,12,38
9,37,12,28
9,12,28,38
9,19,13,14
9,20,13,14
9,13,17,15
9,18,13,15
9,21,13,15
9,13,22,15
16,9,13,17
16,9,18,13
16,9,21,13
16,9,13,22
9,13,17,23
24,9,13,17
9,18,13,23
24,9,18,13
9,19,13,25
9,26,19,13
9,20,13,25
9,26,20,13
9,21,27,13
9,21,28,13
9,27,13,22
9,28,13,22
9,29,13,23
9,13,30,23
24,9,29,13
24,9,13,30
9,13,25,31
32,9,13,25
9,26,13,31
32,9,26,13
9,27,13,33
9,34,27,13
9,28,13,33
9,34,28,13
9,29,35,13
9,29,36,13
9,35,13,30
9,36,13,30
9,37,13,31
9,13,38,31
32,9,37,13
32,9,13,38
9,17,14,15
9,18,14,15
9,21,14,15
9,22,14,15
16,9,14,17
16,9,18,14
16,9,21,14
16,9,14,22
9,23,14,17
24,9,14,17
9,18,14,23
24,9,18,14
9,19,14,25
9,26,19,14
9,20,14,25
9,26,20,14
9,27,21,14
9,28,21,14
9,27,14,22
9,28,14,22
9,29,14,23
9,30,14,23
24,9,29,14
24,9,14,30
9,31,14,25
32,9,14,25
9,26,14,31
32,9,26,14
9,27,14,33
9,34,27,14
9,28,14,33
9,34,28,14
9,35,29,14
9,36,29,14
9,35,14,30
9,36,14,30
9,37,14,31
38,9,14,31
32,9,37,14
32,9,14,38
16,9,19,15
16,9,20,15
9,18,17,15
9,21,17,15
9,22,17,15
9,18,21,15
9,18,22,15
9,19,23,15
24,9,19,15
9,20,23,15
24,9,20,15
9,21,25,15
9,26,21,15
9,25,22,15
9,26,22,15
9,27,23,15
9,23,28,15
24,9,27,15
24,9,28,15
9,29,25,15
9,30,25,15
9,26,29,15
9,26,30,15
9,27,31,15
32,9,27,15
9,28,31,15
32,9,28,15
9,33,29,15
9,34,29,15
9,33,30,15
9,34,30,15
9,35,31,15
9,31,36,15
32,9,35,15
32,9,36,15
9,33,37,15
9,33,38,15
9,34,37,15
9,34,38,15
16,9,18,17
16,9,21,17
16,9,17,22
16,9,18,21
16,9,18,22
16,9,19,23
16,9,19,24
16,9,20,23
16,9,20,24
16,9,21,25
16,9,26,21
16,9,22,25
16,9,26,22
16,9,27,23
16,9,28,23
16,9,27,24
16,9,28,24
16,9,29,25
16,9,25,30
16,9,26,29
16,9,26,30
16,9,27,31
16,9,32,27
16,9,28,31
16,9,32,28
16,9,29,33
16,9,34,29
16,9,30,33
16,9,34,30
16,9,35,31
16,9,36,31
16,9,32,35
16,9,32,36
16,9,37,33
16,9,38,33
16,9,34,37
16,9,34,38
9,18,19,17
9,18,20,17
9,19,21,17
9,19,17,22
9,20,21,17
9,20,17,22
9,21,17,23
24,9,21,17
9,23,17,22
24,9,17,22
9,25,17,23
9,26,17,23
24,9,17,25
24,9,26,17
9,27,17,25
9,28,17,25
9,26,27,17
9,26,28,17
9,27,29,17
9,27,17,30
9,28,29,17
9,28,17,30
9,29,17,31
32,9,29,17
9,31,17,30
32,9,17,30
9,33,17,31
9,34,17,31
32,9,17,33
32,9,34,17
9,35,17,33
9,36,17,33
9,34,35,17
9,34,36,17
9,35,37,17
38,9,35,17
9,36,37,17
38,9,36,17
9,18,19,21
9,18,19,22
9,18,20,21
9,18,20,22
9,18,21,23
24,9,18,21
9,18,22,23
24,9,18,22
9,18,25,23
9,18,26,23
24,9,18,25
24,9,18,26
9,18,27,25
9,18,28,25
27,9,18,26
9,18,26,28
9,18,27,29
9,18,27,30
9,18,28,29
9,18,28,30
9,18,29,31
32,9,18,29
9,18,30,31
32,9,18,30
9,18,33,31
9,18,34,31
32,9,18,33
32,9,18,34
9,18,35,33
9,18,36,33
9,18,35,34
9,18,34,36
9,18,35,37
9,18,35,38
9,18,36,37
9,18,36,38
9,19,21,22
24,9,19,23
9,26,19,25
27,9,19,28
9,19,29,30
32,9,19,31
9,34,19,33
9,19,36,35
9,19,37,38
9,20,21,22
24,9,20,23
9,26,20,25
9,27,20,28
9,20,29,30
32,9,20,31
9,34,20,33
9,35,20,36
9,20,37,38
9,21,22,23
24,9,21,22
9,21,25,23
9,26,21,23
24,9,21,25
24,9,26,21
9,27,21,25
9,28,21,25
9,26,27,21
9,26,28,21
9,29,27,21
9,27,21,30
9,29,28,21
9,28,21,30
9,29,21,31
32,9,29,21
9,21,30,31
32,9,21,30
9,33,21,31
9,34,21,31
32,9,21,33
32,9,34,21
9,35,21,33
9,36,21,33
9,34,35,21
9,34,36,21
37,9,35,21
9,35,21,38
9,37,36,21
9,36,21,38
9,25,22,23
9,26,22,23
24,9,22,25
24,9,26,22
9,27,22,25
9,28,22,25
9,26,27,22
9,26,28,22
9,27,29,22
9,27,22,30
9,28,29,22
9,28,22,30
9,29,22,31
32,9,29,22
9,31,22,30
32,9,22,30
9,33,22,31
9,34,22,31
32,9,22,33
32,9,34,22
9,35,22,33
9,36,22,33
9,34,35,22
9,34,36,22
9,35,37,22
38,9,35,22
9,36,37,22
38,9,36,22
24,9,27,23
24,9,28,23
9,29,25,23
9,30,25,23
9,26,29,23
9,26,30,23
9,27,31,23
32,9,27,23
9,28,31,23
32,9,28,23
9,33,29,23
9,34,29,23
9,33,30,23
9,34,30,23
9,35,31,23
9,31,36,23
32,9,35,23
32,9,36,23
9,33,37,23
9,33,38,23
9,34,37,23
9,34,38,23
24,9,29,25
24,9,25,30
24,9,26,29
24,9,26,30
24,9,27,31
24,9,32,27
24,9,28,31
24,9,32,28
24,9,29,33
24,9,34,29
24,9,30,33
24,9,34,30
24,9,35,31
24,9,36,31
24,9,32,35
24,9,32,36
24,9,37,33
24,9,38,33
24,9,34,37
24,9,34,38
9,26,25,31
32,9,26,25
9,27,25,33
9,34,27,25
9,28,25,33
9,34,28,25
9,35,29,25
9,36,29,25
9,35,25,30
9,36,25,30
9,37,25,31
38,9,25,31
32,9,37,25
32,9,25,38
9,26,27,33
9,26,27,34
9,26,28,33
9,26,28,34
9,26,35,29
9,26,36,29
9,26,35,30
9,26,36,30
9,26,37,31
9,26,38,31
32,9,26,37
32,9,26,38
9,27,28,35
9,27,28,36
37,9,27,29
9,27,29,38
9,27,37,30
38,9,27,30
9,37,28,29
9,28,29,38
9,28,37,30
38,9,28,30
10,11,12,15
16,10,11,12
19,10,11,12
10,11,12,20
10,11,13,23
24,10,11,13
10,11,14,23
24,10,11,14
25,10,11,15
26,10,11,15
16,25,10,11
16,26,10,11
27,17,10,11
17,10,11,28
18,27,10,11
18,10,11,28
19,10,11,29
19,10,11,30
10,11,20,29
10,11,20,30
10,11,21,31
32,10,11,21
10,11,22,31
32,10,11,22
33,10,11,23
10,11,34,23
24,33,10,11
24,10,11,34
25,10,11,35
25,10,11,36
26,35,10,11
26,10,11,36
27,10,11,37
27,10,11,38
10,11,28,37
10,11,28,38
10,12,13,14
10,21,12,13
10,12,13,22
10,12,21,14
10,12,14,22
10,12,23,15
24,10,12,15
16,10,12,23
16,24,10,12
17,10,12,25
17,10,26,12
25,10,18,12
26,10,18,12
27,10,19,12
10,19,12,28
10,27,12,20
10,28,12,20
10,29,12,21
10,12,21,30
10,12,29,22
10,12,22,30
10,12,31,23
32,10,12,23
24,10,12,31
24,10,32,12
25,10,12,33
25,10,12,34
33,10,26,12
10,26,12,34
35,10,27,12
10,27,12,36
10,35,12,28
10,12,28,36
10,37,12,29
10,12,29,38
10,12,37,30
38,10,12,30
17,10,13,14
10,18,13,14
16,10,13,15
10,19,13,15
10,20,13,15
16,10,19,13
16,10,20,13
17,10,21,13
17,10,13,22
21,10,18,13
10,18,13,22
10,19,13,23
24,10,19,13
10,20,13,23
24,10,20,13
25,10,21,13
26,10,21,13
25,10,13,22
10,26,13,22
10,27,13,23
10,28,13,23
24,10,27,13
24,10,28,13
25,10,29,13
25,10,13,30
29,10,26,13
10,26,13,30
10,27,13,31
32,10,27,13
10,28,13,31
32,10,28,13
33,10,29,13
10,29,34,13
33,10,13,30
10,34,13,30
10,35,13,31
10,36,13,31
32,10,35,13
32,10,36,13
33,10,37,13
33,10,13,38
10,37,34,13
10,34,13,38
16,10,14,15
10,19,14,15
10,20,14,15
16,10,19,14
16,10,20,14
17,10,21,14
17,10,14,22
10,18,21,14
10,18,14,22
10,19,14,23
24,10,19,14
10,20,14,23
24,10,20,14
25,10,21,14
10,26,21,14
25,10,14,22
10,26,14,22
10,27,14,23
10,28,14,23
24,10,27,14
24,10,28,14
25,10,29,14
25,10,14,30
10,26,29,14
10,26,14,30
10,27,14,31
32,10,27,14
10,28,14,31
32,10,28,14
33,10,29,14
10,34,29,14
33,10,14,30
10,34,14,30
10,35,14,31
10,36,14,31
32,10,35,14
32,10,36,14
33,10,37,14
38,33,10,14
10,34,37,14
38,10,34,14
16,17,10,15
16,10,18,15
17,10,19,15
17,10,20,15
19,10,18,15
10,18,20,15
10,19,21,15
10,19,22,15
10,20,21,15
10,20,22,15
10,23,21,15
24,10,21,15
10,23,22,15
24,10,22,15
25,10,23,15
10,26,23,15
24,25,10,15
24,10,26,15
25,10,27,15
25,10,28,15
27,10,26,15
10,26,28,15
10,27,29,15
10,27,30,15
10,28,29,15
10,28,30,15
10,31,29,15
32,10,29,15
10,31,30,15
32,10,30,15
33,10,31,15
10,31,34,15
32,33,10,15
32,10,34,15
33,10,35,15
33,10,36,15
10,35,34,15
10,34,36,15
10,35,37,15
10,35,38,15
10,36,37,15
10,36,38,15
16,17,10,19
16,17,10,20
16,19,10,18
16,10,18,20
16,10,19,21
16,10,19,22
16,10,20,21
16,10,20,22
16,10,21,23
16,24,10,21
16,10,22,23
16,24,10,22
16,25,10,23
16,10,26,23
16,24,10,25
16,24,10,26
16,25,10,27
16,25,10,28
16,27,10,26
16,10,26,28
16,10,27,29
16,10,27,30
16,10,28,29
16,10,28,30
16,10,29,31
16,10,32,29
16,10,30,31
16,10,32,30
16,33,10,31
16,10,34,31
16,33,10,32
16,10,32,34
16,33,10,35
16,33,10,36
16,10,35,34
16,10,34,36
16,10,35,37
16,10,35,38
16,10,36,37
16,10,36,38
17,10,19,20
17,10,21,22
24,17,10,23
17,10,26,25
17,10,27,28
17,10,29,30
32,17,10,31
17,10,34,33
17,10,35,36
17,10,37,38
19,10,18,20
10,18,21,22
24,10,18,23
26,25,10,18
27,10,18,28
10,18,29,30
32,10,18,31
33,10,18,34
35,10,18,36
10,18,37,38
10,19,20,21
10,19,20,22
10,19,21,23
24,10,19,21
10,19,22,23
24,10,19,22
25,10,19,23
26,10,19,23
24,25,10,19
24,26,10,19
27,25,10,19
25,10,19,28
26,27,10,19
26,10,19,28
27,10,19,29
27,10,19,30
10,19,28,29
10,19,28,30
10,19,29,31
32,10,19,29
10,19,30,31
32,10,19,30
33,10,19,31
10,19,34,31
32,33,10,19
32,10,19,34
33,10,19,35
33,10,19,36
35,10,19,34
10,19,34,36
35,10,19,37
35,10,19,38
10,19,36,37
10,19,36,38
10,20,21,23
24,10,20,21
10,20,22,23
24,10,20,22
25,10,20,23
10,26,20,23
24,25,10,20
24,10,26,20
25,10,27,20
25,10,20,28
27,10,26,20
10,26,20,28
10,27,20,29
10,27,20,30
10,29,20,28
10,20,28,30
10,20,29,31
32,10,20,29
10,20,30,31
32,10,20,30
33,10,20,31
10,20,34,31
32,33,10,20
32,10,20,34
33,10,35,20
33,10,20,36
10,35,20,34
10,20,34,36
10,35,20,37
10,35,20,38
10,20,37,36
38,10,20,36
25,10,21,22
10,26,21,22
10,27,21,23
10,28,21,23
24,10,27,21
24,10,28,21
25,10,29,21
25,10,21,30
29,10,26,21
10,26,21,30
10,27,21,31
32,10,27,21
10,28,21,31
32,10,28,21
33,10,29,21
10,29,34,21
33,10,21,30
10,34,21,30
10,35,21,31
10,36,21,31
32,10,35,21
32,10,36,21
33,10,37,21
33,10,21,38
10,37,34,21
10,34,21,38
10,27,22,23
10,28,22,23
24,10,27,22
24,10,28,22
25,10,29,22
25,10,22,30
10,26,29,22
10,26,22,30
10,27,22,31
32,10,27,22
10,28,22,31
32,10,28,22
33,10,29,22
10,34,29,22
33,10,22,30
10,34,22,30
10,35,22,31
10,36,22,31
32,10,35,22
32,10,36,22
33,10,37,22
38,33,10,22
10,34,37,22
38,10,34,22
24,10,29,23
24,10,30,23
25,10,31,23
32,25,10,23
10,26,31,23
32,10,26,23
33,10,27,23
10,27,34,23
33,10,28,23
10,28,34,23
10,35,29,23
10,36,29,23
10,35,30,23
10,36,30,23
10,31,37,23
10,31,38,23
32,10,37,23
32,10,38,23
24,25,10,31
24,25,10,32
24,10,26,31
24,32,10,26
24,33,10,27
24,10,27,34
24,33,10,28
24,10,28,34
24,10,35,29
24,10,36,29
24,10,35,30
24,10,36,30
24,10,37,31
24,10,38,31
24,10,32,37
24,10,32,38
25,10,26,33
25,10,26,34
25,10,27,35
25,10,27,36
25,10,35,28
25,10,28,36
25,10,37,29
25,10,29,38
25,10,37,30
38,25,10,30
27,35,10,26
27,10,26,36
35,10,26,28
10,26,28,36
37,10,26,29
10,26,29,38
10,26,37,30
38,10,26,30
10,27,28,37
10,27,28,38
19,11,12,13
20,11,12,13
19,11,12,14
11,12,20,14
11,12,21,15
11,12,22,15
16,11,12,21
16,11,12,22
17,11,12,23
24,17,11,12
18,11,12,23
24,18,11,12
19,25,11,12
19,26,11,12
25,11,12,20
26,11,12,20
27,11,12,21
28,11,12,21
27,11,12,22
11,12,28,22
11,12,29,23
11,12,30,23
24,11,12,29
24,11,12,30
25,11,12,31
32,25,11,12
26,11,12,31
32,26,11,12
27,33,11,12
27,34,11,12
33,11,12,28
34,11,12,28
35,11,12,29
11,12,29,36
35,11,12,30
11,12,30,36
11,12,37,31
11,12,38,31
32,11,12,37
32,11,12,38
11,13,14,15
16,11,13,14
17,11,13,15
18,11,13,15
16,17,11,13
16,18,11,13
19,17,11,13
17,11,20,13
19,18,11,13
18,11,20,13
19,21,11,13
19,11,13,22
21,11,20,13
11,20,13,22
21,11,13,23
24,21,11,13
11,13,22,23
24,11,13,22
25,11,13,23
26,11,13,23
24,25,11,13
24,26,11,13
27,25,11,13
25,11,28,13
27,26,11,13
26,11,28,13
27,29,11,13
27,11,13,30
29,11,28,13
11,28,13,30
29,11,13,31
32,29,11,13
11,13,30,31
32,11,13,30
33,11,13,31
34,11,13,31
32,33,11,13
32,34,11,13
33,11,13,35
33,11,36,13
35,34,11,13
34,11,36,13
37,35,11,13
35,11,13,38
37,11,36,13
11,36,13,38
17,11,14,15
18,11,14,15
16,17,11,14
16,18,11,14
19,17,11,14
17,11,20,14
19,18,11,14
18,11,20,14
19,11,21,14
19,11,14,22
11,20,21,14
11,20,14,22
11,21,14,23
24,11,21,14
11,23,14,22
24,11,14,22
25,11,14,23
26,11,14,23
24,25,11,14
24,26,11,14
27,25,11,14
25,11,28,14
27,26,11,14
26,11,28,14
27,11,29,14
27,11,14,30
11,28,29,14
11,28,14,30
11,29,14,31
32,11,29,14
11,31,14,30
32,11,14,30
33,11,14,31
34,11,14,31
32,33,11,14
32,34,11,14
33,11,14,35
33,11,36,14
35,34,11,14
34,11,36,14
35,11,37,14
38,35,11,14
11,36,37,14
38,11,36,14
17,18,11,15
19,11,20,15
11,21,22,15
24,11,23,15
25,26,11,15
27,11,28,15
11,29,30,15
32,11,31,15
33,34,11,15
35,11,36,15
11,37,38,15
16,17,18,11
16,19,11,20
16,11,21,22
16,24,11,23
16,25,26,11
16,27,11,28
16,11,29,30
16,32,11,31
16,33,34,11
16,35,11,36
16,11,37,38
19,17,18,11
17,18,11,20
19,17,11,21
19,17,11,22
17,11,20,21
17,11,20,22
17,11,21,23
24,17,11,21
17,11,22,23
24,17,11,22
17,11,25,23
17,26,11,23
24,17,11,25
24,17,26,11
27,17,11,25
17,11,28,25
27,17,26,11
17,26,11,28
27,17,11,29
27,17,11,30
17,11,28,29
17,11,28,30
17,11,29,31
32,17,11,29
17,11,30,31
32,17,11,30
17,11,33,31
17,34,11,31
32,17,11,33
32,17,34,11
17,11,35,33
17,11,36,33
17,34,11,35
17,34,11,36
17,11,37,35
38,17,11,35
17,11,36,37
17,11,36,38
19,18,11,21
19,18,11,22
18,11,20,21
18,11,20,22
18,11,21,23
24,18,11,21
18,11,22,23
24,18,11,22
25,18,11,23
26,18,11,23
24,25,18,11
24,26,18,11
27,25,18,11
25,18,11,28
26,27,18,11
26,18,11,28
27,18,11,29
27,18,11,30
18,11,28,29
18,11,28,30
18,11,29,31
32,18,11,29
18,11,30,31
32,18,11,30
33,18,11,31
18,11,34,31
32,33,18,11
32,18,11,34
33,18,11,35
33,18,11,36
35,18,11,34
18,11,34,36
35,18,11,37
35,18,11,38
18,11,36,37
18,11,36,38
19,11,20,23
19,24,11,20
19,25,11,21
19,26,11,21
19,25,11,22
19,26,11,22
19,27,11,23
19,11,28,23
19,24,11,27
19,24,11,28
19,25,11,29
19,25,11,30
19,26,11,29
19,26,11,30
19,27,11,31
19,27,32,11
19,11,28,31
19,32,11,28
19,33,11,29
19,34,11,29
19,33,11,30
19,34,11,30
19,35,11,31
19,11,36,31
19,35,32,11
19,32,11,36
19,33,11,37
19,33,11,38
19,34,11,37
19,34,11,38
25,11,20,21
26,11,20,21
25,11,20,22
26,11,20,22
27,11,20,23
11,20,28,23
24,27,11,20
24,11,20,28
25,11,20,29
25,11,20,30
26,11,20,29
26,11,20,30
27,11,20,31
27,32,11,20
11,20,28,31
32,11,20,28
33,11,20,29
34,11,20,29
33,11,20,30
34,11,20,30
35,11,20,31
11,20,36,31
32,35,11,20
32,11,20,36
33,11,20,37
33,11,20,38
34,11,20,37
34,11,20,38
27,11,21,22
11,28,21,22
29,11,21,23
11,21,30,23
24,29,11,21
24,11,21,30
25,11,21,31
32,25,11,21
26,11,21,31
32,26,11,21
27,33,11,21
27,34,11,21
33,11,28,21
34,11,28,21
35,29,11,21
29,11,36,21
35,11,21,30
11,36,21,30
37,11,21,31
11,21,38,31
32,37,11,21
32,11,21,38
11,29,22,23
11,30,22,23
24,11,29,22
24,11,22,30
25,11,22,31
32,25,11,22
26,11,22,31
32,26,11,22
27,33,11,22
27,34,11,22
33,11,28,22
34,11,28,22
35,11,29,22
11,36,29,22
35,11,22,30
11,36,22,30
11,37,22,31
38,11,22,31
32,11,37,22
32,38,11,22
24,11,31,23
24,32,11,23
25,11,33,23
25,34,11,23
33,26,11,23
26,11,34,23
27,35,11,23
27,11,36,23
35,11,28,23
11,28,36,23
37,11,29,23
11,29,38,23
11,37,30,23
38,11,30,23
24,25,11,33
24,25,34,11
24,33,26,11
24,26,11,34
24,27,11,35
24,27,11,36
24,35,11,28
24,11,28,36
24,37,11,29
24,11,29,38
24,11,37,30
24,38,11,30
25,26,11,35
25,26,11,36
27,25,11,37
27,25,11,38
25,11,28,37
25,11,28,38
27,26,11,37
27,26,11,38
26,11,28,37
26,11,28,38
16,12,13,15
17,18,12,13
20,19,12,13
21,12,13,22
24,12,13,23
25,26,12,13
28,27,12,13
29,12,13,30
32,12,13,31
33,34,12,13
35,12,13,36
37,12,13,38
16,12,14,15
17,18,12,14
19,12,20,14
12,21,14,22
24,12,14,23
25,26,12,14
27,12,28,14
12,29,14,30
32,12,14,31
33,34,12,14
35,12,14,36
38,12,37,14
16,17,12,15
16,18,12,15
17,19,12,15
17,12,20,15
18,19,12,15
18,12,20,15
19,12,21,15
19,12,22,15
21,12,20,15
12,20,22,15
23,12,21,15
24,12,21,15
12,23,22,15
24,12,22,15
25,12,23,15
26,12,23,15
24,25,12,15
24,26,12,15
25,27,12,15
25,12,28,15
26,27,12,15
26,12,28,15
27,12,29,15
27,12,30,15
29,12,28,15
12,28,30,15
31,12,29,15
32,12,29,15
12,31,30,15
32,12,30,15
33,12,31,15
34,12,31,15
32,33,12,15
32,34,12,15
33,35,12,15
33,12,36,15
34,35,12,15
34,12,36,15
35,12,37,15
35,12,38,15
12,37,36,15
38,12,36,15
16,17,19,12
16,17,12,20
16,18,19,12
16,18,12,20
16,19,12,21
16,19,12,22
16,21,12,20
16,12,20,22
16,12,21,23
16,24,12,21
16,12,22,23
16,24,12,22
16,25,12,23
16,26,12,23
16,24,12,25
16,24,26,12
16,25,27,12
16,25,12,28
16,26,27,12
16,26,12,28
16,27,12,29
16,27,12,30
16,29,12,28
16,12,28,30
16,12,29,31
16,32,12,29
16,12,30,31
16,32,12,30
16,33,12,31
16,34,12,31
16,33,32,12
16,32,12,34
16,33,35,12
16,33,12,36
16,34,35,12
16,34,12,36
16,35,12,37
16,35,12,38
16,12,37,36
16,38,12,36
17,18,12,21
17,18,12,22
17,19,12,23
24,17,19,12
17,12,20,23
24,17,12,20
17,12,21,25
17,26,12,21
17,12,22,25
17,26,12,22
17,27,12,23
17,12,28,23
24,17,27,12
24,17,12,28
17,12,29,25
17,12,25,30
17,26,12,29
17,26,12,30
17,27,12,31
32,17,27,12
17,12,28,31
32,17,12,28
17,12,29,33
17,34,12,29
17,12,30,33
17,34,12,30
17,35,12,31
17,12,36,31
32,17,35,12
32,17,12,36
17,12,37,33
17,12,38,33
17,34,12,37
17,34,12,38
18,19,12,23
24,18,19,12
18,12,20,23
24,18,12,20
25,18,12,21
18,26,12,21
25,18,12,22
18,26,12,22
18,27,12,23
18,12,28,23
24,18,27,12
24,18,12,28
25,18,12,29
25,18,12,30
18,26,12,29
18,26,12,30
18,27,12,31
32,18,27,12
18,12,28,31
32,18,12,28
33,18,12,29
18,34,12,29
33,18,12,30
18,12,34,30
18,35,12,31
18,12,36,31
32,18,35,12
32,18,12,36
33,18,12,37
33,18,12,38
18,37,12,34
18,12,34,38
25,19,12,20
26,19,12,20
27,19,12,21
28,19,12,21
27,19,12,22
19,12,28,22
19,12,29,23
19,12,30,23
24,19,12,29
24,19,12,30
25,19,12,31
32,25,19,12
26,19,12,31
32,26,19,12
27,33,19,12
27,34,19,12
33,19,12,28
34,19,12,28
35,19,12,29
19,12,29,36
35,19,12,30
19,12,30,36
19,12,37,31
19,12,38,31
32,19,12,37
32,19,12,38
21,27,12,20
21,28,12,20
27,12,20,22
28,12,20,22
29,12,20,23
12,20,30,23
24,29,12,20
24,12,20,30
25,12,20,31
32,25,12,20
26,12,20,31
32,26,12,20
33,27,12,20
34,27,12,20
33,28,12,20
28,34,12,20
29,35,12,20
29,12,20,36
35,12,20,30
12,20,30,36
37,12,20,31
12,20,38,31
32,37,12,20
32,12,20,38
29,12,21,22
12,21,22,30
31,12,21,23
32,12,21,23
24,12,21,31
24,32,12,21
25,12,21,33
25,34,12,21
33,26,12,21
26,34,12,21
35,27,12,21
27,12,21,36
28,35,12,21
28,12,21,36
29,37,12,21
29,12,21,38
37,12,21,30
38,12,21,30
12,31,22,23
32,12,22,23
24,12,22,31
24,32,12,22
25,12,22,33
25,34,12,22
33,26,12,22
26,12,34,22
35,27,12,22
27,12,22,36
35,12,28,22
12,28,22,36
37,12,29,22
38,12,29,22
12,37,22,30
38,12,22,30
24,33,12,23
24,34,12,23
25,35,12,23
25,12,36,23
26,35,12,23
26,12,36,23
27,12,37,23
27,12,38,23
37,12,28,23
12,28,38,23
24,25,35,12
24,25,12,36
24,26,35,12
24,26,12,36
24,27,12,37
24,27,12,38
24,37,12,28
24,12,28,38
25,26,12,37
25,26,12,38
19,13,14,15
20,13,14,15
16,19,13,14
16,20,13,14
17,21,13,14
17,13,14,22
18,21,13,14
18,13,14,22
19,13,14,23
24,19,13,14
20,13,14,23
24,20,13,14
25,21,13,14
21,26,13,14
25,13,14,22
26,13,14,22
27,13,14,23
28,13,14,23
24,27,13,14
24,28,13,14
25,29,13,14
25,13,14,30
26,29,13,14
26,13,14,30
27,13,14,31
32,27,13,14
28,13,14,31
32,28,13,14
33,29,13,14
29,34,13,14
33,13,14,30
34,13,14,30
35,13,14,31
36,13,14,31
32,35,13,14
32,36,13,14
33,37,13,14
38,33,13,14
34,37,13,14
38,34,13,14
16,21,13,15
16,13,22,15
17,23,13,15
24,17,13,15
18,23,13,15
24,18,13,15
25,19,13,15
26,19,13,15
25,20,13,15
26,20,13,15
21,27,13,15
21,28,13,15
27,13,22,15
28,13,22,15
29,23,13,15
23,13,30,15
24,29,13,15
24,13,30,15
25,31,13,15
32,25,13,15
26,31,13,15
32,26,13,15
33,27,13,15
34,27,13,15
33,28,13,15
34,28,13,15
29,35,13,15
29,36,13,15
35,13,30,15
36,13,30,15
37,31,13,15
31,13,38,15
32,37,13,15
32,13,38,15
16,17,13,23
16,17,13,24
16,18,13,23
16,24,18,13
16,25,19,13
16,26,19,13
16,25,20,13
16,26,20,13
16,21,27,13
16,21,28,13
16,27,13,22
16,28,13,22
16,29,13,23
16,13,30,23
16,24,29,13
16,24,13,30
16,25,13,31
16,25,32,13
16,26,13,31
16,26,32,13
16,33,27,13
16,34,27,13
16,33,28,13
16,34,28,13
16,29,35,13
16,29,36,13
16,35,13,30
16,36,13,30
16,37,13,31
16,13,38,31
16,32,37,13
16,32,13,38
17,18,13,25
17,18,26,13
27,17,19,13
17,19,28,13
17,27,20,13
17,28,20,13
17,21,29,13
17,21,13,30
17,29,13,22
17,13,22,30
17,31,13,23
32,17,13,23
24,17,13,31
24,17,32,13
17,13,25,33
17,34,13,25
17,26,13,33
17,26,34,13
17,27,13,35
17,27,36,13
17,35,28,13
17,28,13,36
17,29,37,13
17,29,13,38
17,37,13,30
38,17,13,30
27,18,19,13
18,19,28,13
18,27,20,13
18,28,20,13
29,18,21,13
18,21,13,30
18,29,13,22
18,13,22,30
18,31,13,23
32,18,13,23
24,18,13,31
24,18,32,13
25,18,13,33
25,18,34,13
33,18,26,13
18,26,34,13
35,18,27,13
18,27,36,13
18,35,28,13
18,28,13,36
37,18,29,13
18,29,13,38
18,37,13,30
38,18,13,30
29,19,20,13
19,20,13,30
21,19,13,31
32,21,19,13
19,13,22,31
32,19,13,22
33,19,13,23
34,19,13,23
24,33,19,13
24,34,19,13
25,19,13,35
25,19,36,13
35,26,19,13
26,19,36,13
27,37,19,13
27,19,13,38
37,19,28,13
19,28,13,38
21,20,13,31
32,21,20,13
20,13,22,31
32,20,13,22
33,20,13,23
34,20,13,23
24,33,20,13
24,34,20,13
25,35,20,13
25,20,13,36
26,35,20,13
26,20,13,36
37,27,20,13
27,20,13,38
28,37,20,13
28,20,13,38
33,21,13,22
21,34,13,22
21,35,13,23
21,36,13,23
24,21,35,13
24,21,36,13
25,21,37,13
25,21,13,38
37,21,26,13
21,26,13,38
35,13,22,23
36,13,22,23
24,35,13,22
24,36,13,22
25,37,13,22
38,25,13,22
26,37,13,22
38,26,13,22
24,37,13,23
24,13,38,23
16,21,14,15
16,22,14,15
17,23,14,15
24,17,14,15
18,23,14,15
24,18,14,15
25,19,14,15
26,19,14,15
25,20,14,15
26,20,14,15
27,21,14,15
28,21,14,15
27,22,14,15
22,28,14,15
23,29,14,15
23,30,14,15
24,29,14,15
24,30,14,15
25,31,14,15
32,25,14,15
26,31,14,15
32,26,14,15
33,27,14,15
34,27,14,15
33,28,14,15
34,28,14,15
35,29,14,15
36,29,14,15
35,30,14,15
30,36,14,15
31,37,14,15
38,31,14,15
32,37,14,15
32,38,14,15
16,17,14,23
16,17,14,24
16,18,14,23
16,24,18,14
16,25,19,14
16,26,19,14
16,25,20,14
16,26,20,14
16,27,21,14
16,28,21,14
16,27,14,22
16,28,14,22
16,29,14,23
16,30,14,23
16,24,29,14
16,24,14,30
16,25,14,31
16,25,32,14
16,26,14,31
16,26,32,14
16,33,27,14
16,34,27,14
16,33,28,14
16,34,28,14
16,35,29,14
16,36,29,14
16,35,14,30
16,36,14,30
16,37,14,31
16,38,14,31
16,32,37,14
16,38,32,14
17,18,14,25
17,18,26,14
27,17,19,14
17,19,28,14
17,27,20,14
17,20,28,14
17,29,21,14
17,21,14,30
17,29,14,22
17,30,14,22
17,31,14,23
32,17,14,23
24,17,14,31
24,17,32,14
17,33,14,25
17,34,14,25
17,26,14,33
17,26,34,14
17,27,14,35
17,27,36,14
17,35,28,14
17,28,14,36
17,37,29,14
38,17,29,14
17,37,14,30
38,17,14,30
27,18,19,14
18,19,28,14
18,27,20,14
18,20,28,14
18,29,21,14
18,21,14,30
18,29,14,22
18,30,14,22
18,31,14,23
32,18,14,23
24,18,14,31
24,18,32,14
25,18,14,33
25,18,34,14
33,18,26,14
18,26,34,14
35,18,27,14
18,27,36,14
18,35,28,14
18,28,14,36
18,37,29,14
38,18,29,14
18,37,14,30
38,18,14,30
19,20,29,14
19,20,14,30
19,21,14,31
32,19,21,14
19,31,14,22
32,19,14,22
33,19,14,23
34,19,14,23
24,33,19,14
24,34,19,14
25,19,14,35
25,19,36,14
35,26,19,14
26,19,36,14
27,19,37,14
27,38,19,14
19,28,37,14
38,19,28,14
20,21,14,31
32,20,21,14
20,31,14,22
32,20,14,22
33,20,14,23
34,20,14,23
24,33,20,14
24,34,20,14
25,35,20,14
25,20,14,36
26,35,20,14
26,20,14,36
27,20,37,14
38,27,20,14
37,20,28,14
38,20,28,14
33,21,14,22
34,21,14,22
35,21,14,23
36,21,14,23
24,35,21,14
24,36,21,14
25,37,21,14
38,25,21,14
26,37,21,14
38,26,21,14
35,23,14,22
23,36,14,22
24,35,14,22
24,36,14,22
25,37,14,22
38,25,14,22
26,37,14,22
38,26,14,22
24,37,14,23
24,38,14,23
16,17,25,15
16,17,26,15
16,25,18,15
16,18,26,15
16,27,19,15
16,19,28,15
16,27,20,15
16,20,28,15
16,29,21,15
16,21,30,15
16,29,22,15
16,30,22,15
16,23,31,15
16,32,23,15
16,24,31,15
16,24,32,15
16,25,33,15
16,25,34,15
16,33,26,15
16,26,34,15
16,35,27,15
16,27,36,15
16,35,28,15
16,28,36,15
16,37,29,15
16,29,38,15
16,37,30,15
16,38,30,15
17,18,27,15
17,18,28,15
17,19,29,15
17,19,30,15
17,20,29,15
17,20,30,15
17,31,21,15
32,17,21,15
17,31,22,15
32,17,22,15
17,23,33,15
17,34,23,15
24,17,33,15
24,17,34,15
17,35,25,15
17,36,25,15
17,26,35,15
17,26,36,15
17,27,37,15
17,27,38,15
17,28,37,15
17,28,38,15
18,19,29,15
18,19,30,15
18,20,29,15
18,20,30,15
18,31,21,15
32,18,21,15
18,31,22,15
32,18,22,15
33,18,23,15
18,23,34,15
24,33,18,15
24,18,34,15
25,18,35,15
25,18,36,15
35,18,26,15
18,26,36,15
18,27,37,15
18,27,38,15
18,28,37,15
18,28,38,15
19,20,31,15
32,19,20,15
33,19,21,15
34,19,21,15
33,19,22,15
34,19,22,15
35,19,23,15
19,23,36,15
24,35,19,15
24,19,36,15
25,19,37,15
25,19,38,15
26,19,37,15
26,19,38,15
33,20,21,15
34,20,21,15
33,20,22,15
34,20,22,15
35,20,23,15
20,23,36,15
24,35,20,15
24,20,36,15
25,20,37,15
25,20,38,15
26,20,37,15
26,20,38,15
35,21,22,15
36,21,22,15
37,23,21,15
23,21,38,15
24,37,21,15
24,21,38,15
23,37,22,15
38,23,22,15
24,37,22,15
24,38,22,15
16,17,18,27
16,17,18,28
16,17,19,29
16,17,19,30
16,17,20,29
16,17,20,30
16,17,21,31
16,17,32,21
16,17,22,31
16,17,32,22
16,17,33,23
16,17,34,23
16,17,24,33
16,17,34,24
16,17,35,25
16,17,36,25
16,17,26,35
16,17,26,36
16,17,27,37
16,17,27,38
16,17,28,37
16,17,28,38
16,18,19,29
16,18,19,30
16,18,20,29
16,18,20,30
16,18,21,31
16,18,32,21
16,18,22,31
16,18,32,22
16,33,18,23
16,18,34,23
16,24,18,33
16,24,18,34
16,25,18,35
16,25,18,36
16,35,18,26
16,18,26,36
16,18,27,37
16,18,27,38
16,18,28,37
16,18,28,38
16,19,20,31
16,32,19,20
16,33,19,21
16,34,19,21
16,33,19,22
16,34,19,22
16,35,19,23
16,19,36,23
16,24,19,35
16,24,19,36
16,25,19,37
16,25,19,38
16,26,19,37
16,26,19,38
16,33,20,21
16,34,20,21
16,33,20,22
16,34,20,22
16,35,20,23
16,20,36,23
16,24,35,20
16,24,20,36
16,25,20,37
16,25,20,38
16,26,20,37
16,26,20,38
16,35,21,22
16,36,21,22
16,37,21,23
16,21,38,23
16,24,37,21
16,24,21,38
16,37,22,23
16,38,22,23
16,24,37,22
16,24,22,38
17,18,19,31
32,17,18,19
17,18,20,31
32,17,18,20
17,18,21,33
17,18,34,21
17,18,22,33
17,18,34,22
17,18,35,23
17,18,36,23
24,17,18,35
24,17,18,36
17,18,37,25
38,17,18,25
17,18,26,37
17,18,26,38
17,19,20,33
17,34,19,20
17,19,21,35
17,19,36,21
17,19,22,35
17,19,36,22
17,19,37,23
17,19,38,23
24,17,19,37
24,17,19,38
17,35,20,21
17,20,21,36
17,35,20,22
17,20,22,36
17,20,37,23
17,20,38,23
24,17,20,37
24,17,20,38
17,37,21,22
38,17,21,22
33,18,19,20
18,19,20,34
35,18,19,21
18,19,36,21
35,18,19,22
18,19,36,22
18,19,37,23
18,19,38,23
24,18,19,37
24,18,19,38
18,35,20,21
18,20,21,36
18,35,20,22
18,20,22,36
18,20,37,23
18,20,38,23
24,18,20,37
24,18,20,38
18,37,21,22
38,18,21,22
37,19,20,21
19,20,21,38
19,20,37,22
38,19,20,22
